time,open,high,low,close,Volume,Volume MA
1475769600,11.63,11.63,11.63,11.63,10,NaN
1493841600,10.49,10.49,10.49,10.49,10,NaN
1495022400,10.2,10.2,10.2,10.2,10,NaN
1509534000,10.35,10.35,10.35,10.35,5,NaN
1510052400,10.52,10.52,10.51,10.51,15,NaN
1512126000,10.95,11,10.91,10.92,70,NaN
1512140400,10.89,10.97,10.87,10.89,85,NaN
1512385200,10.85,10.85,10.79,10.83,95,NaN
1512399600,10.82,10.82,10.79,10.79,80,NaN
1512471600,10.76,10.8,10.69,10.71,240,NaN
1512486000,10.76,10.78,10.69,10.69,65,NaN
1512500400,10.77,10.77,10.77,10.77,10,NaN
1512558000,10.72,10.79,10.71,10.73,130,NaN
1512572400,10.69,10.7,10.69,10.7,20,NaN
1512644400,10.75,10.95,10.75,10.89,420,NaN
1514286000,10.85,10.85,10.85,10.85,20,NaN
1514977200,10.62,10.62,10.62,10.62,3360,NaN
1517425200,10.19,10.19,10.19,10.19,5,NaN
1517842800,10.24,10.24,10.24,10.24,4890,NaN
1519848000,9.96,9.96,9.96,9.96,100,NaN
1521648000,9.79,9.79,9.77,9.79,355,NaN
1522180800,9.85,9.87,9.84,9.85,500,NaN
1522238400,9.93,9.93,9.93,9.93,40,NaN
1522771200,9.92,9.92,9.92,9.92,100,NaN
1522843200,10.04,10.04,10.02,10.03,60,NaN
1523016000,10.07,10.07,10.01,10.01,60,NaN
1523044800,10,10,10,10,20,NaN
1523275200,10.06,10.07,10.02,10.05,80,NaN
1523289600,10.04,10.04,10.04,10.04,20,NaN
1523361600,10.08,10.1,10.05,10.09,50,NaN
1523448000,10.1,10.1,10.05,10.05,20,NaN
1523620800,10.05,10.05,10.05,10.05,10,NaN
1523635200,10.1,10.1,10.1,10.1,5,NaN
1524052800,10.05,10.05,10.05,10.05,135,NaN
1524484800,10.08,10.08,10.08,10.08,5,NaN
1524499200,10.1,10.1,10.1,10.1,10,NaN
1524571200,10.1,10.1,10.1,10.1,10,NaN
1524744000,10.14,10.16,10.14,10.16,20,NaN
1524830400,10.05,10.06,10.05,10.06,70,NaN
1524844800,10.02,10.02,10.02,10.02,15,NaN
1525089600,10.07,10.07,10.07,10.07,5,NaN
1525262400,10.14,10.15,10.09,10.09,55,NaN
1525291200,10.13,10.13,10.13,10.13,5,NaN
1525348800,10.07,10.13,10.07,10.12,95,NaN
1525363200,10.11,10.11,10.11,10.11,10,NaN
1525377600,10.09,10.09,10.09,10.09,10,NaN
1525435200,10.17,10.17,10.07,10.07,45,NaN
1525694400,10.13,10.13,10.13,10.13,5,NaN
1525780800,10.24,10.24,10.21,10.21,30,NaN
1525795200,10.3,10.3,10.3,10.3,10,229.9
1525867200,10.44,10.51,10.44,10.46,30,230.3
1525881600,10.54,10.54,10.52,10.52,20,230.5
1525968000,10.33,10.33,10.33,10.33,5,230.4
1525982400,10.3,10.3,10.3,10.3,10,230.5
1526040000,10.35,10.35,10.35,10.35,10,230.4
1526054400,10.29,10.34,10.29,10.34,15,229.3
1526299200,10.35,10.38,10.35,10.38,15,227.9
1526385600,10.52,10.61,10.52,10.55,80,227.6
1526400000,10.46,10.47,10.45,10.47,35,226.7
1526472000,10.53,10.56,10.49,10.49,30,222.5
1526500800,10.45,10.45,10.45,10.45,10,221.4
1526558400,10.32,10.39,10.32,10.39,35,221.9
1526572800,10.51,10.66,10.47,10.59,35,220
1526587200,10.54,10.54,10.54,10.54,110,221.8
1526644800,10.69,11.03,10.69,11.03,45,214.3
1526904000,10.94,11.29,10.94,11.29,30,214.5
1527004800,10.86,10.86,10.86,10.86,5,147.4
1527076800,11.13,11.13,11.13,11.13,10,147.5
1527091200,11,11,11,11,5,49.8
1527163200,11.08,11.15,11.03,11.11,310,54
1527177600,11.2,11.2,11.2,11.2,50,47.9
1527249600,11.21,11.29,11.2,11.29,130,40.5
1527264000,11.32,11.38,11.32,11.36,195,43.6
1527278400,11.34,11.34,11.34,11.34,115,43.9
1527508800,11.45,11.45,11.45,11.45,10,42.9
1527681600,11.59,12.16,11.59,12.16,190,45.5
1527696000,12.15,12.2,11.82,11.84,160,48.3
1527854400,11.66,11.86,11.66,11.81,65,48
1528113600,11.84,11.95,11.84,11.91,50,48.6
1528200000,12.05,12.12,12,12.12,115,49.9
1528214400,12.35,12.35,12.35,12.35,15,49.8
1528228800,12.48,12.48,12.48,12.48,5,49.7
1528286400,13.14,13.14,12.77,12.86,90,51.4
1528300800,12.77,12.77,12.61,12.72,70,50.1
1528315200,12.83,12.89,12.83,12.89,30,50.6
1528372800,12.93,12.93,12.37,12.51,175,53.9
1529409600,12.45,12.46,12.42,12.43,250,58.7
1529510400,12.2,12.27,12.2,12.26,125,60.8
1530028800,12.23,12.23,12.23,12.23,665,72.7
1530619200,11.6,11.6,11.59,11.6,25,72.9
1530734400,11.7,11.7,11.7,11.7,5,72.9
1530792000,11.74,11.78,11.74,11.78,10,72
1530806400,11.67,11.77,11.67,11.77,30,72.5
1530892800,11.73,11.73,11.73,11.73,15,70.9
1531224000,11.52,11.52,11.52,11.52,5,70.8
1531310400,11.47,11.47,11.47,11.47,15,70.9
1531396800,11.58,11.58,11.58,11.58,5,70.1
1531411200,11.75,11.75,11.75,11.75,5,70.1
1531425600,11.72,11.72,11.72,11.72,10,69.7
1531483200,11.62,11.62,11.61,11.61,10,69.7
1531742400,11.66,11.66,11.66,11.66,5,69.2
1531843200,11.67,11.67,11.67,11.67,5,68.9
1531915200,11.63,11.63,11.6,11.62,35,69.5
1532001600,11.66,11.66,11.6,11.62,45,70.2
1532030400,11.49,11.49,11.48,11.48,15,70.3
1532088000,11.35,11.35,11.27,11.27,55,71.1
1532102400,11.22,11.22,11.22,11.22,25,71.3
1532347200,11.32,11.32,11.32,11.32,5,69.8
1532433600,11.31,11.31,11.19,11.2,55,70.2
1532520000,11.16,11.16,11.15,11.15,15,69.9
1532534400,11.11,11.12,11.11,11.12,10,69.9
1532606400,11.22,11.22,11.22,11.22,10,69.4
1532692800,11.21,11.24,11.21,11.24,20,69.1
1532707200,11.25,11.26,11.25,11.26,655,80
1532966400,11.28,11.28,11.28,11.28,15,79.4
1533038400,11.32,11.38,11.32,11.38,15,79.1
1533052800,11.4,11.4,11.38,11.38,20,79.4
1533124800,11.38,11.38,11.38,11.38,60,80.4
1533643200,11.31,11.31,11.29,11.29,10,80.5
1533729600,11.44,11.44,11.44,11.44,100,76.3
1533744000,11.53,11.53,11.51,11.51,10,75.5
1533830400,11.72,11.72,11.7,11.71,300,78.9
1533902400,11.93,12.1,11.93,12.1,10,75.2
1534161600,12.21,12.21,12.21,12.21,5,73
1534176000,12.27,12.36,12.27,12.36,140,75.6
1534363200,11.88,11.88,11.88,11.88,20,72.2
1534420800,11.94,11.94,11.94,11.94,10,69.2
1534435200,11.96,11.99,11.96,11.99,10,68.1
1534507200,12.12,12.25,12.11,12.25,150,70.1
1534521600,12.11,12.11,12.09,12.1,55,68.9
1534953600,12.5,12.5,12.5,12.5,10,68.8
1535126400,12.72,12.73,12.72,12.73,10,68.9
1535457600,12.44,12.44,12.42,12.42,15,67.4
1535544000,12.49,12.51,12.46,12.48,45,66.9
1535558400,12.51,12.51,12.51,12.51,5,66.4
1535572800,12.49,12.49,12.49,12.49,10,63.1
1535630400,12.81,12.88,12.81,12.88,15,58.4
1535644800,12.86,12.86,12.77,12.77,105,58
1535976000,12.75,12.75,12.7,12.73,50,45.7
1536148800,12.85,12.96,12.85,12.93,235,49.9
1536163200,12.92,12.95,12.92,12.95,85,51.5
1536235200,12.91,12.93,12.91,12.93,170,54.7
1536840000,12.98,12.98,12.89,12.89,20,54.5
1536854400,12.97,13,12.97,13,10,54.4
1537185600,12.91,12.91,12.91,12.91,10,54.5
1537286400,12.78,12.78,12.72,12.72,25,54.7
1537358400,12.78,12.78,12.72,12.72,135,57.3
1537387200,12.66,12.66,12.63,12.63,1410,85.4
1537531200,12.44,12.45,12.44,12.45,10,85.4
1537876800,12.48,12.48,12.47,12.47,30,85.8
1538150400,12.13,12.13,12.13,12.13,15,86
1538481600,11.75,11.75,11.75,11.75,5,86
1538496000,11.76,11.76,11.76,11.76,10,85.5
1538510400,11.84,11.84,11.83,11.83,10,84.8
1538568000,11.52,11.59,11.52,11.59,120,86.9
1538582400,11.63,11.63,11.63,11.63,5,85.9
1538668800,11.75,11.75,11.75,11.75,5,85.5
1538740800,11.56,11.56,11.56,11.56,5,85.5
1538755200,11.71,11.74,11.71,11.74,25,84.9
1539014400,11.2,11.2,11.2,11.2,5,84.7
1539028800,11.19,11.19,11.19,11.19,10,84.7
1539172800,11.16,11.17,11.16,11.17,190,88.3
1539187200,11.14,11.14,11.06,11.11,715,102.2
1539201600,11.15,11.15,11.13,11.14,50,90.1
1539259200,11.05,11.16,11.05,11.16,10,90
1539273600,11.26,11.26,11.25,11.26,25,90.2
1539604800,11.08,11.08,10.84,10.84,30,90.4
1539619200,10.84,10.85,10.84,10.85,570,100.6
1539633600,10.82,10.82,10.82,10.82,75,101.9
1539691200,10.68,10.68,10.53,10.53,30,100.5
1539705600,10.53,10.53,10.52,10.52,30,100.9
1539777600,10.53,10.53,10.42,10.43,15,95.2
1539792000,10.26,10.43,10.26,10.43,40,95.8
1539864000,10.45,10.49,10.45,10.49,35,96.4
1539878400,10.62,10.63,10.62,10.63,15,93.9
1539892800,10.69,10.69,10.69,10.69,5,93.6
1539950400,10.6,10.63,10.57,10.57,20,93.8
1539964800,10.61,10.61,10.57,10.57,115,95.9
1540209600,10.43,10.43,10.34,10.34,50,93.9
1540224000,10.39,10.39,10.39,10.39,5,92.9
1540296000,10.48,10.48,10.48,10.48,10,92.9
1540382400,10.57,10.57,10.57,10.57,5,92.8
1540468800,10.6,10.69,10.6,10.69,65,93.8
1540555200,10.6,10.61,10.6,10.6,75,94.4
1540584000,10.37,10.37,10.37,10.37,15,94.6
1540828800,10.34,10.34,10.34,10.34,5,94.5
1540900800,10.35,10.44,10.25,10.25,660,107.4
1540929600,10.2,10.2,10.2,10.2,45,106.2
1541415600,10.27,10.27,10.24,10.24,10,105.4
1541602800,10.41,10.41,10.41,10.41,5,100.8
1541689200,10.42,10.45,10.42,10.45,10,99.3
1541761200,10.65,10.65,10.65,10.65,5,96
1541775600,10.62,10.62,10.62,10.62,5,95.7
1542034800,10.59,10.59,10.59,10.59,30,96.1
1542049200,10.58,10.58,10.58,10.58,5,96
1542193200,10.54,10.54,10.51,10.51,20,95.9
1542207600,10.53,10.53,10.48,10.48,20,93.6
1542366000,10.39,10.39,10.23,10.23,35,66.1
1542380400,10.1,10.1,10.1,10.1,20,66.3
1542394800,10.13,10.13,10.13,10.13,5,65.8
1542798000,10.2,10.2,10.03,10.03,80,67.1
1542884400,10.02,10.02,9.94,9.94,10,67.2
1542970800,9.96,9.99,9.96,9.99,15,67.3
1542985200,9.95,9.97,9.95,9.97,10,67.3
1543258800,10.21,10.23,10.21,10.23,25,65.4
1543316400,10.21,10.38,10.21,10.25,25,65.8
1543417200,10.09,10.09,10.06,10.09,20,66.1
1543431600,10.1,10.12,10.1,10.12,15,66.3
1543489200,10.16,10.16,10.15,10.15,15,66.1
1543503600,10.13,10.13,10.07,10.07,10,66.2
1543575600,9.97,9.97,9.97,9.97,5000,166
1543849200,9.95,9.95,9.95,9.95,5,162.3
1543863600,10,10,10,10,210,152.2
1543921200,10.12,10.13,10.12,10.13,2775,206.7
1543935600,10.04,10.15,10.04,10.15,10,206.7
1544022000,10.25,10.25,10.25,10.25,5,206.3
1544094000,10.29,10.31,10.18,10.29,320,212.1
1544108400,10.26,10.27,10.07,10.07,400,208.7
1544180400,10.03,10.15,10.02,10.07,295,213.1
1544194800,10.11,10.11,10.11,10.11,40,213.3
1544439600,10.17,10.25,10.17,10.25,105,214.8
1544454000,10.23,10.26,10.23,10.26,145,217.4
1544526000,10.18,10.2,10.16,10.2,90,218.4
1544540400,10.2,10.29,10.19,10.29,115,220
1544612400,10.11,10.11,10.1,10.1,20,220.1
1544626800,10.15,10.15,10.09,10.09,20,220.4
1544698800,10.09,10.11,10.05,10.07,50,221
1544713200,10.01,10.01,9.94,9.94,50,219.7
1544785200,9.95,9.95,9.84,9.92,205,222.8
1544799600,9.9,9.9,9.87,9.9,120,225.1
1545044400,9.9,9.91,9.89,9.91,55,226
1545058800,9.94,9.94,9.9,9.91,60,227.1
1545130800,9.85,9.98,9.82,9.97,115,228.1
1545145200,10,10,9.94,9.96,70,228
1545217200,9.85,9.87,9.85,9.86,65,229
1545231600,9.82,9.84,9.79,9.84,635,241.6
1545303600,9.75,9.75,9.7,9.73,30,229
1545318000,9.72,9.77,9.68,9.68,770,243.5
1545390000,9.73,9.73,9.61,9.62,115,245.6
1545404400,9.62,9.64,9.62,9.64,60,246.7
1545822000,9.64,9.64,9.64,9.64,10,246.7
1545836400,9.63,9.66,9.63,9.66,20,247
1545994800,9.48,9.48,9.44,9.46,160,250.1
1546009200,9.49,9.51,9.45,9.51,70,250.9
1546426800,9.54,9.54,9.4,9.43,120,253.2
1546441200,9.4,9.43,9.36,9.41,330,259.4
1546455600,9.43,9.43,9.43,9.43,5,259.1
1546513200,9.47,9.48,9.4,9.4,50,259.4
1546527600,9.36,9.42,9.36,9.39,120,261.4
1546542000,9.4,9.4,9.4,9.4,5,261.4
1546599600,9.49,9.49,9.42,9.45,415,268.1
1546614000,9.43,9.43,9.28,9.34,700,281.9
1546628400,9.34,9.34,9.34,9.34,5,281.7
1546858800,9.34,9.43,9.3,9.42,540,292.3
1546873200,9.4,9.41,9.37,9.4,135,294.5
1546887600,9.4,9.4,9.39,9.39,90,295.8
1546945200,9.38,9.38,9.35,9.36,360,302.6
1546959600,9.35,9.37,9.32,9.37,240,307.1
1546974000,9.33,9.33,9.33,9.33,5,306.9
1547031600,9.28,9.3,9.22,9.23,810,322.9
1547046000,9.22,9.26,9.21,9.25,210,227.1
1547132400,9.31,9.31,9.31,9.31,5,227.1
1547809200,9.37,9.37,9.3,9.3,10,223.1
1547823600,9.34,9.34,9.34,9.34,5,167.7
1548068400,9.33,9.37,9.33,9.37,10,167.7
1548082800,9.33,9.33,9.33,9.33,5,167.7
1548154800,9.27,9.27,9.26,9.26,200,165.3
1548241200,9.3,9.3,9.3,9.3,10,157.5
1548255600,9.29,9.29,9.24,9.24,15,151.9
1548327600,9.25,9.3,9.25,9.3,15,151.4
1548342000,9.32,9.32,9.32,9.32,5,149.4
1548673200,9.31,9.4,9.31,9.4,145,149.4
1548702000,9.32,9.33,9.32,9.33,10,147.8
1548759600,9.3,9.3,9.3,9.3,5,145.6
1548774000,9.23,9.24,9.23,9.24,30,145.8
1548860400,9.31,9.37,9.31,9.36,35,146.1
1548874800,9.31,9.31,9.28,9.28,10,145.3
1548932400,9.21,9.22,9.18,9.18,50,145.3
1549018800,9.08,9.08,9.04,9.04,10,141.4
1549033200,8.98,8.98,8.98,8.98,5,139.1
1549278000,8.99,9.02,8.98,9.02,35,138.7
1549292400,9.02,9.02,8.96,8.96,165,140.8
1549364400,8.99,9,8.99,8.99,20,138.9
1549378800,9.07,9.07,9.07,9.07,10,137.7
1549393200,9.03,9.03,9.03,9.03,5,136.5
1549450800,9.13,9.13,9.13,9.13,10,124
1549537200,9.16,9.17,9.13,9.17,25,123.9
1549566000,9.21,9.24,9.21,9.24,15,108.8
1549623600,9.25,9.32,9.25,9.32,35,107.2
1549638000,9.34,9.4,9.34,9.4,30,106.6
1549652400,9.27,9.27,9.27,9.27,5,106.5
1549882800,9.26,9.31,9.24,9.3,25,106.6
1549897200,9.34,9.37,9.33,9.35,210,107.6
1549911600,9.29,9.29,9.27,9.27,30,106.8
1549969200,9.25,9.25,9.22,9.22,200,108.4
1550055600,9.16,9.16,9.16,9.16,10,102
1550070000,9.12,9.14,9.12,9.13,30,102.5
1550084400,9.15,9.15,9.14,9.14,70,102.9
1550142000,9.14,9.14,9.14,9.14,5,100.6
1550156400,9.12,9.12,9.09,9.09,175,104
1550228400,8.95,8.95,8.95,8.95,5,95.8
1550242800,8.98,8.99,8.93,8.93,30,82.4
1550491200,9.04,9.1,9.04,9.1,15,82.6
1550577600,9.04,9.04,9.04,9.04,5,71.9
1550664000,9.05,9.05,9.05,9.05,5,69.3
1550750400,9.15,9.15,9.15,9.15,10,67.7
1550836800,9.15,9.15,9.15,9.15,5,60.6
1550851200,9.12,9.12,9.11,9.11,10,56
1551096000,9.14,9.14,9.1,9.1,105,58
1551110400,9.11,9.18,9.11,9.18,10,42
1551182400,9.19,9.21,9.16,9.16,300,43.8
1551196800,9.17,9.17,9.17,9.17,5,43.8
1551268800,9.13,9.13,9.13,9.13,5,43.7
1551355200,9.19,9.19,9.19,9.19,5,43.7
1551384000,9.21,9.21,9.21,9.21,5,43.6
1551441600,9.25,9.3,9.25,9.3,15,43.8
1551888000,9.33,9.33,9.33,9.33,5,39.9
1551960000,9.29,9.29,9.29,9.29,5,39.8
1551974400,9.3,9.3,9.3,9.3,5,39.6
1552046400,9.24,9.24,9.19,9.2,840,56.1
1552060800,9.2,9.26,9.2,9.26,405,64.1
1552305600,9.11,9.11,9.06,9.06,4005,141.3
1552320000,9.07,9.07,9.07,9.07,10,141.3
1552392000,9.02,9.04,8.99,9.01,2295,187.1
1552478400,8.95,8.98,8.95,8.98,10,186.7
1552564800,8.99,8.99,8.99,8.99,5,186.1
1552579200,9.03,9.04,9.02,9.02,30,186.5
1552593600,9.02,9.02,9.02,9.02,15,185.8
1552651200,9.08,9.08,8.99,9,160,188.8
1552680000,9.01,9.01,9.01,9.01,10,188.9
1552996800,8.92,8.92,8.91,8.91,10,188.4
1553011200,8.91,8.91,8.91,8.91,5,185.2
1553025600,8.95,8.97,8.95,8.97,180,188.4
1553097600,8.97,8.97,8.84,8.85,350,195.2
1553169600,8.98,9.09,8.98,8.98,95,197
1553256000,9.21,9.23,9.15,9.21,65,198.1
1553270400,9.25,9.25,9.25,9.25,5,197.7
1553515200,9.44,9.44,9.4,9.4,15,197.7
1553529600,9.28,9.28,9.28,9.28,5,197.1
1553688000,9.43,9.43,9.43,9.43,5,196.6
1553774400,9.45,9.53,9.34,9.34,20,196.9
1553860800,9.07,9.07,9.07,9.07,5,196.5
1554120000,9.09,9.09,9.09,9.09,5,192.4
1554134400,9.11,9.12,9.06,9.06,45,192.7
1554292800,9.05,9.08,9.05,9.08,120,191.1
1554307200,9.11,9.11,9.11,9.11,5,191
1554379200,9.17,9.21,9.17,9.21,10,190.6
1554480000,9.06,9.06,9.06,9.06,5,189.3
1554724800,9.14,9.16,9.14,9.16,10,189.4
1554739200,9.16,9.16,9.16,9.16,5,186
1554926400,9.1,9.1,9.1,9.1,5,186
1555502400,9.15,9.15,9.15,9.15,5,185.5
1555588800,9.15,9.15,9.15,9.15,5,185.3
1555603200,9.17,9.17,9.15,9.15,10,185.4
1556280000,9.17,9.17,9.16,9.17,25,185.8
1556294400,9.18,9.18,9.18,9.18,5,185.7
1556625600,9.17,9.17,9.17,9.17,5,185.7
1556640000,9.15,9.16,9.15,9.15,35,186.2
1556654400,9.16,9.17,9.13,9.13,300,190.1
1556798400,9.17,9.17,9.17,9.17,5,190
1556812800,9.17,9.17,9.17,9.17,305,190.1
1556899200,9.08,9.08,9.08,9.08,1040,210.8
1557144000,9.07,9.07,9.07,9.07,365,218
1557244800,9.09,9.09,9.09,9.09,5,218
1557316800,8.97,9.02,8.97,9.02,35,218.6
1557403200,9.02,9.02,9.02,9.02,10,218.5
1557748800,9.02,9.02,9.02,9.02,5,218.5
1557835200,8.99,8.99,8.99,8.99,30,219
1557849600,8.99,8.99,8.97,8.97,10,219.1
1557921600,9.06,9.12,9.06,9.12,15,202.6
1557936000,8.99,9.04,8.98,9.04,20,194.9
1558008000,9.11,9.11,9.11,9.11,5,114.9
1558022400,9.12,9.17,9.12,9.17,30,115.3
1558094400,9.28,9.28,9.25,9.25,10,69.6
1558108800,9.34,9.34,9.34,9.34,5,69.5
1558612800,9.09,9.09,9.07,9.07,1465,98.7
1558641600,9,9,9,9,35,98.8
1558699200,8.97,8.97,8.97,8.97,10,98.7
1558713600,8.97,8.97,8.97,8.97,5,95.6
1558958400,8.92,8.92,8.92,8.92,15,95.7
1558987200,8.95,8.95,8.95,8.95,5,95.6
1559044800,8.95,8.95,8.84,8.84,10,95.7
1559059200,8.9,8.9,8.9,8.9,5,92.2
1559131200,8.76,8.76,8.68,8.68,20,85.6
1559145600,8.65,8.65,8.65,8.65,5,83.8
1559217600,8.67,8.67,8.61,8.61,25,83
1559232000,8.6,8.6,8.6,8.6,5,83
1559563200,8.58,8.59,8.56,8.59,30,83.3
1559577600,8.57,8.57,8.41,8.45,235,87.9
1559592000,8.4,8.4,8.35,8.35,20,88.2
1559649600,8.44,8.44,8.36,8.36,115,90.1
1559664000,8.38,8.38,8.31,8.31,30,90.6
1559736000,8.36,8.36,8.36,8.36,10,90.7
1559764800,8.4,8.43,8.4,8.43,30,90.4
1559836800,8.35,8.35,8.35,8.35,300,94
1559908800,8.31,8.31,8.31,8.31,5,94
1559923200,8.28,8.28,8.28,8.28,5,93.9
1559937600,8.27,8.27,8.25,8.25,15,94.1
1560168000,8.34,8.34,8.22,8.22,30,94.5
1560182400,8.26,8.26,8.26,8.26,5,94.5
1560196800,8.28,8.28,8.28,8.28,5,94.5
1560254400,8.25,8.25,8.11,8.11,100,96.4
1560268800,8.06,8.11,8.06,8.11,25,96.8
1560283200,8.12,8.12,8.1,8.1,20,97
1560355200,8.05,8.05,8.05,8.05,5,96.6
1560427200,8.09,8.09,8.07,8.07,10,96.7
1560441600,8.02,8.05,8.02,8.05,20,97
1560456000,7.99,7.99,7.99,7.99,5,96.4
1560542400,8.03,8.03,8.03,8.03,50,91.4
1560772800,7.96,7.96,7.96,7.96,5,91.4
1560787200,8.04,8.06,8.04,8.06,25,85.8
1560859200,7.98,7.99,7.98,7.98,25,65.5
1560873600,7.98,8.01,7.96,8.01,70,59.6
1560960000,7.94,7.94,7.91,7.91,25,60
1560974400,7.88,7.88,7.88,7.88,5,59.4
1561118400,7.74,7.81,7.7,7.74,175,62.7
1561132800,7.77,7.77,7.77,7.77,10,62.8
1561147200,7.75,7.75,7.75,7.75,5,62.3
1561377600,7.75,7.75,7.72,7.72,150,65.1
1561392000,7.74,7.74,7.72,7.73,70,66.2
1561478400,7.79,7.82,7.73,7.82,235,70.5
1561492800,7.82,7.82,7.82,7.82,5,70.5
1561564800,7.7,7.7,7.68,7.68,495,79.8
1561636800,7.78,7.78,7.72,7.72,15,79.9
1561723200,7.64,7.64,7.64,7.64,10,80
1561737600,7.62,7.62,7.56,7.56,190,54.5
1561982400,7.49,7.49,7.49,7.49,5,53.9
1561996800,7.48,7.48,7.48,7.48,5,53.8
1562011200,7.46,7.46,7.46,7.46,5,53.8
1562068800,7.45,7.52,7.45,7.49,55,54.6
1562083200,7.44,7.5,7.44,7.47,45,55.4
1562097600,7.49,7.5,7.49,7.5,10,55.4
1562155200,7.52,7.54,7.52,7.54,10,55.5
1562169600,7.4,7.4,7.39,7.39,15,55.4
1562774400,7.3,7.31,7.3,7.31,15,55.6
1562846400,7.32,7.32,7.32,7.32,10,55.3
1563206400,7.36,7.36,7.36,7.36,5,55.3
1563220800,7.39,7.39,7.39,7.39,5,54.8
1563278400,7.37,7.37,7.36,7.36,20,50.5
1563292800,7.41,7.42,7.41,7.42,20,50.5
1563364800,7.39,7.5,7.39,7.44,40,49
1563379200,7.44,7.44,7.44,7.44,5,48.5
1563393600,7.42,7.42,7.42,7.42,10,48.5
1563451200,7.43,7.43,7.43,7.43,5,48
1563465600,7.39,7.39,7.38,7.39,705,56.1
1563537600,7.37,7.37,7.37,7.37,5,56.1
1563552000,7.39,7.39,7.38,7.38,45,56.9
1563883200,7.37,7.37,7.31,7.33,55,57.7
1563897600,7.33,7.33,7.33,7.33,5,57.2
1563969600,7.29,7.3,7.28,7.3,35,57.8
1563998400,7.28,7.28,7.28,7.28,5,57.8
1564056000,7.35,7.37,7.32,7.36,40,56.6
1564070400,7.36,7.38,7.36,7.38,15,56.4
1564084800,7.35,7.35,7.35,7.35,5,56.1
1564142400,7.37,7.37,7.37,7.37,5,56.1
1564401600,7.35,7.35,7.35,7.35,5,56
1564574400,7.29,7.29,7.29,7.29,5,55.7
1564588800,7.3,7.36,7.28,7.36,435,64.3
1564603200,7.34,7.35,7.33,7.35,235,68
1564660800,7.3,7.33,7.28,7.31,45,68.8
1564675200,7.34,7.35,7.33,7.35,25,68.8
1564747200,7.36,7.38,7.3,7.36,440,77.1
1564761600,7.35,7.35,7.35,7.35,5,75.8
1564776000,7.34,7.34,7.34,7.34,5,75.4
1565006400,7.38,7.42,7.38,7.42,65,76.6
1565020800,7.43,7.43,7.43,7.43,10,73.3
1565035200,7.46,7.46,7.46,7.46,15,73.4
1565092800,7.38,7.42,7.38,7.42,25,73.8
1565179200,7.33,7.34,7.29,7.29,95,72.7
1565208000,7.28,7.28,7.28,7.28,5,71.4
1565265600,7.26,7.26,7.24,7.26,90,68.5
1565294400,7.24,7.24,7.24,7.24,5,68.5
1565352000,7.25,7.25,7.25,7.25,50,59.6
1565366400,7.28,7.28,7.25,7.25,20,59.7
1565380800,7.25,7.25,7.25,7.25,5,59.6
1565611200,7.45,7.45,7.33,7.33,50,56.8
1565697600,7.3,7.3,7.28,7.28,35,57.4
1565784000,7.3,7.34,7.3,7.34,20,57.7
1565870400,7.32,7.34,7.32,7.34,30,58.2
1565884800,7.34,7.34,7.34,7.34,160,60.3
1565899200,7.34,7.34,7.34,7.34,5,59.5
1565956800,7.28,7.28,7.28,7.28,5,59.4
1566230400,7.29,7.35,7.29,7.35,15,59.5
1566302400,7.36,7.45,7.36,7.42,25,59.7
1566331200,7.37,7.37,7.37,7.37,5,59.5
1566561600,7.29,7.29,7.29,7.29,5,59.4
1566576000,7.38,7.38,7.38,7.38,5,59.4
1566590400,7.34,7.34,7.34,7.34,5,59.4
1566820800,7.43,7.49,7.43,7.45,55,60.1
1566849600,7.51,7.51,7.51,7.51,5,59.8
1566921600,7.51,7.63,7.51,7.58,25,59.5
1566993600,7.63,7.67,7.58,7.62,845,76.3
1567008000,7.58,7.58,7.58,7.58,300,82.1
1567022400,7.71,7.71,7.71,7.71,5,82.1
1567080000,7.64,7.64,7.64,7.64,10,68.2
1567094400,7.73,7.73,7.73,7.73,5,68.2
1567108800,7.66,7.66,7.66,7.66,5,67.4
1567166400,7.6,7.6,7.6,7.6,5,66.4
1567180800,7.51,7.51,7.49,7.49,50,67.3
1567785600,7.43,7.43,7.43,7.43,10,66.8
1568044800,7.43,7.43,7.43,7.43,20,67.1
1568116800,7.47,7.47,7.47,7.47,5,66.4
1568131200,7.46,7.48,7.46,7.46,20,66.5
1568289600,7.38,7.46,7.38,7.46,2750,121.4
1568304000,7.4,7.4,7.4,7.4,15,121.6
1568318400,7.41,7.41,7.41,7.41,5,121.6
1568376000,7.43,7.43,7.41,7.41,10,121.7
1568404800,7.49,7.49,7.49,7.49,5,113.1
1568649600,7.42,7.42,7.42,7.42,5,108.5
1568721600,7.34,7.34,7.34,7.34,15,107.9
1568736000,7.31,7.32,7.31,7.32,35,108.1
1568750400,7.28,7.28,7.28,7.28,5,99.4
1568894400,7.18,7.18,7.14,7.17,115,101.6
1568908800,7.29,7.29,7.29,7.29,35,102.2
1568995200,7.2,7.2,7.17,7.17,45,101.8
1569326400,7.25,7.27,7.25,7.27,145,104.5
1569340800,7.26,7.26,7.26,7.26,5,104.3
1569585600,7.14,7.14,7.14,7.14,180,107.4
1569859200,7.14,7.14,7.14,7.14,10,105.7
1569931200,7.19,7.19,7.19,7.19,5,105.7
1569945600,7.14,7.14,7.11,7.11,10,104.1
1570017600,7.17,7.17,7.17,7.17,5,104.1
1570046400,7.15,7.15,7.15,7.15,5,103.2
1570104000,7.09,7.09,7.09,7.09,55,103.9
1570118400,7.08,7.08,7.05,7.05,15,104.1
1570132800,7.06,7.06,7.06,7.06,5,103.2
1570795200,6.89,6.89,6.86,6.86,25,103
1570809600,6.78,6.78,6.78,6.78,5,102.7
1571054400,6.76,6.77,6.73,6.73,50,103.1
1571068800,6.7,6.7,6.7,6.7,5,100
1571140800,6.75,6.83,6.75,6.79,130,102.5
1571155200,6.84,6.84,6.84,6.84,135,105.1
1571169600,6.86,6.86,6.86,6.86,5,104.9
1571227200,6.87,6.87,6.87,6.87,10,104.6
1571256000,6.74,6.74,6.74,6.74,5,104.6
1571313600,6.69,6.69,6.69,6.69,10,104.7
1571328000,6.62,6.62,6.62,6.62,5,104.7
1571342400,6.63,6.63,6.63,6.63,5,104.7
1571400000,6.67,6.67,6.67,6.67,5,103.7
1571745600,6.66,6.66,6.66,6.66,15,103.9
1571846400,6.65,6.65,6.65,6.65,5,103.5
1571860800,6.66,6.66,6.66,6.66,5,86.7
1571918400,6.56,6.58,6.56,6.58,30,81.3
1571932800,6.64,6.65,6.64,6.65,10,81.4
1572004800,6.63,6.66,6.63,6.66,715,95.5
1572033600,6.61,6.61,6.61,6.61,270,100.8
1572264000,6.58,6.58,6.58,6.58,5,100.8
1572278400,6.55,6.55,6.54,6.54,15,101
1572292800,6.57,6.57,6.57,6.57,5,100.1
1572350400,6.57,6.57,6.57,6.57,5,100
1572436800,6.63,6.63,6.63,6.63,10,99.8
1572451200,6.63,6.63,6.62,6.62,3015,160
1572523200,6.55,6.55,6.5,6.5,25,160.1
1572537600,6.55,6.55,6.55,6.55,20,105.5
1572552000,6.54,6.54,6.54,6.54,5,105.3
1572609600,6.5,6.5,6.47,6.47,40,106
1572624000,6.46,6.46,6.46,6.46,15,106.1
1572868800,6.41,6.41,6.41,6.41,10,106.2
1572969600,6.49,6.49,6.48,6.48,2980,165.7
1573041600,6.48,6.48,6.48,6.48,5,165.5
1573128000,6.57,6.6,6.55,6.55,15,165.1
1573142400,6.64,6.7,6.64,6.67,30,165.6
1573214400,6.77,6.77,6.77,6.77,5,163.4
1573243200,6.73,6.73,6.73,6.73,5,162.8
1573560000,6.75,6.75,6.75,6.75,5,162
1573574400,6.75,6.75,6.73,6.73,10,159.3
1573660800,6.77,6.77,6.77,6.77,10,159.4
1573732800,6.81,6.81,6.81,6.81,5,155.9
1573747200,6.77,6.77,6.77,6.77,10,155.9
1573761600,6.79,6.79,6.79,6.79,5,155.9
1574092800,6.76,6.76,6.76,6.76,5,155.8
1574107200,6.82,6.82,6.82,6.82,5,155.8
1574164800,6.82,6.86,6.82,6.86,10,155.9
1574179200,6.86,6.86,6.86,6.86,5,154.9
1574352000,6.89,6.94,6.89,6.94,15,154.9
1574366400,6.93,6.93,6.92,6.92,10,155
1574424000,6.89,6.92,6.85,6.89,35,155.2
1574438400,6.86,6.86,6.86,6.86,145,158
1574683200,6.92,6.92,6.9,6.9,40,157.8
1574697600,6.98,6.99,6.98,6.99,40,158.5
1574712000,7.02,7.02,7.02,7.02,5,156
1574769600,7.06,7.09,7.03,7.03,35,154
1574784000,7.06,7.06,7.06,7.06,5,154
1574798400,7.05,7.05,7.05,7.05,55,154.9
1574856000,7.13,7.13,7.13,7.13,5,154.9
1574870400,7.1,7.1,7.1,7.1,5,154.8
1574884800,7.11,7.11,7.11,7.11,5,154.8
1574956800,7.1,7.1,7.1,7.1,5,154.8
1575028800,6.97,6.97,6.97,6.97,30,155.3
1575374400,6.95,6.95,6.95,6.95,10,155.2
1575388800,6.94,6.94,6.93,6.93,20,155.5
1575403200,6.93,6.93,6.91,6.91,15,155.7
1575547200,6.88,6.9,6.87,6.87,30,155.7
1575561600,6.89,6.89,6.89,6.89,5,155.6
1575633600,6.9,6.9,6.85,6.85,35,142
1575648000,6.85,6.85,6.85,6.85,75,138.1
1575907200,6.8,6.81,6.8,6.8,25,138.5
1575921600,6.86,6.86,6.86,6.86,5,138.3
1575979200,6.89,6.89,6.86,6.86,20,138.6
1576065600,6.84,6.84,6.8,6.8,45,139.4
1576080000,6.8,6.8,6.8,6.8,20,139.6
1576094400,6.78,6.78,6.78,6.78,5,79.4
1576152000,6.78,6.79,6.75,6.75,295,84.8
1576166400,6.8,6.84,6.8,6.84,25,84.9
1576180800,6.87,6.87,6.87,6.87,5,84.9
1576238400,6.79,6.8,6.79,6.79,20,84.5
1576252800,6.81,6.81,6.8,6.8,20,84.6
1576267200,6.86,6.86,6.86,6.86,5,84.5
1576497600,6.86,6.87,6.86,6.87,75,26.4
1576512000,6.94,6.94,6.94,6.94,75,27.8
1576584000,6.96,7.05,6.94,7.03,830,44.1
1576598400,7.03,7.06,7.02,7.06,140,46.3
1576612800,7.04,7.04,7.04,7.04,155,49.3
1576670400,7.05,7.05,6.94,6.94,590,61
1576684800,6.96,7.04,6.96,7.04,250,65.9
1576756800,7.05,7.07,7.05,7.07,90,67.5
1576771200,7.12,7.19,7.11,7.19,285,73
1576843200,7.19,7.22,7.19,7.22,25,73.4
1576857600,7.14,7.14,7.14,7.14,5,73.3
1577361600,6.96,6.96,6.96,6.96,360,80.4
1577376000,7,7,7,7,75,81.8
1577448000,6.98,6.98,6.97,6.98,20,82.1
1577462400,6.97,6.99,6.93,6.93,910,100.1
1577476800,6.94,6.94,6.94,6.94,200,104
1577707200,6.94,6.94,6.94,6.94,35,104.4
1577721600,6.87,6.87,6.87,6.87,535,114.9
1577736000,6.89,6.89,6.89,6.89,5,114.3
1577980800,6.83,6.83,6.83,6.83,20,111.8
1578052800,6.84,6.85,6.84,6.85,90,112.8
1578067200,6.85,6.87,6.85,6.87,60,113.2
1578081600,6.9,6.9,6.9,6.9,25,113.6
1578326400,6.91,6.91,6.91,6.91,10,113.1
1578398400,7,7,7,7,5,113.1
1578412800,6.91,6.92,6.89,6.89,85,113.7
1578484800,6.91,6.91,6.9,6.91,510,123.8
1578499200,6.85,6.86,6.85,6.86,75,125.2
1578571200,6.92,6.93,6.84,6.84,100,127.1
1578585600,6.81,6.84,6.81,6.84,100,129
1578657600,6.83,6.85,6.83,6.85,55,129.5
1578672000,6.88,6.88,6.88,6.88,5,129.4
1578916800,6.91,6.91,6.91,6.91,10,129.2
1578931200,6.95,6.95,6.95,6.95,10,129.1
1579003200,6.92,6.92,6.9,6.9,105,130.6
1579017600,6.9,6.9,6.88,6.88,55,131.6
1579089600,6.81,6.84,6.81,6.84,55,132
1579104000,6.85,6.85,6.85,6.85,25,131
1579276800,6.96,6.96,6.91,6.91,140,133.3
1579291200,6.89,6.89,6.89,6.89,5,133.3
1579694400,6.88,6.88,6.87,6.87,55,134
1579708800,6.86,6.86,6.85,6.85,210,137.3
1579795200,6.84,6.85,6.83,6.85,1150,159.9
1579809600,6.87,6.87,6.87,6.87,85,161.5
1579867200,6.85,6.85,6.83,6.83,10,155.8
1579881600,6.84,6.84,6.83,6.83,15,155.6
1580140800,6.84,6.84,6.84,6.84,50,156.5
1580212800,6.81,6.81,6.8,6.8,15,156.4
1580227200,6.81,6.82,6.8,6.8,365,163.3
1580241600,6.75,6.75,6.72,6.73,75,164.7
1580299200,6.71,6.73,6.7,6.73,865,180.5
1580313600,6.72,6.72,6.72,6.72,60,180.2
1580328000,6.74,6.74,6.74,6.74,5,163.7
1580385600,6.75,6.75,6.75,6.75,10,161.1
1580400000,6.81,6.81,6.78,6.78,85,159.7
1580472000,6.73,6.73,6.73,6.73,5,148
1580486400,6.74,6.74,6.74,6.74,25,143.5
1580817600,6.61,6.62,6.61,6.62,620,154.1
1580832000,6.62,6.62,6.62,6.62,1000,168.4
1580904000,6.59,6.59,6.59,6.59,15,168.2
1580932800,6.53,6.53,6.53,6.53,1040,188.9
1581076800,6.69,6.69,6.67,6.67,200,185.7
1581091200,6.64,6.64,6.64,6.64,100,186.2
1581336000,6.67,6.67,6.62,6.62,150,188.8
1581350400,6.61,6.63,6.61,6.61,660,183.8
1581422400,6.55,6.57,6.54,6.54,105,181.9
1581436800,6.54,6.57,6.54,6.56,465,190.5
1581451200,6.56,6.57,6.56,6.56,45,180.7
1581508800,6.56,6.56,6.54,6.54,50,181.6
1581523200,6.53,6.54,6.52,6.52,310,187.4
1581595200,6.59,6.61,6.57,6.58,325,192.1
1581609600,6.58,6.59,6.57,6.58,205,195
1581624000,6.57,6.57,6.57,6.57,10,194.7
1581696000,6.5,6.5,6.49,6.49,40,195.3
1582113600,6.6,6.6,6.58,6.58,1205,219.3
1582128000,6.53,6.53,6.53,6.53,500,227.6
1582891200,6.77,6.86,6.77,6.84,30,218
1582905600,6.83,6.83,6.76,6.76,45,217.4
1583236800,6.57,6.57,6.5,6.5,20,215.8
1583323200,6.52,6.56,6.52,6.56,75,215.3
1583409600,6.65,6.65,6.65,6.65,30,214.8
1583438400,6.79,6.79,6.77,6.77,530,225.3
1583496000,6.93,7,6.93,6.99,110,227.3
1583510400,6.76,6.76,6.74,6.75,25,227.6
1583769600,6.99,7.19,6.99,7.18,110,227.7
1583784000,7.18,7.22,7.18,7.21,520,237
1583841600,7.22,7.22,7.16,7.22,295,241.8
1583856000,7.18,7.19,7.17,7.17,1750,276.3
1583928000,7.09,7.16,7.07,7.16,90,275.3
1583942400,7.27,7.9,7.26,7.9,220,279.6
1583956800,7.77,7.77,7.77,7.77,320,284.9
1584100800,8.25,8.25,8.25,8.25,5,280.8
1584115200,8.12,8.12,8.07,8.07,15,258.1
1584374400,8.33,8.33,8.33,8.33,5,256.5
1584388800,8.04,8.04,8.04,8.04,65,257.6
1584446400,7.92,7.92,7.92,7.92,150,260.3
1584460800,7.64,7.72,7.64,7.72,55,260.4
1584475200,7.72,7.72,7.72,7.72,5,260.2
1584705600,8.66,8.91,8.66,8.87,85,254.6
1585137600,9.06,9.23,8.81,8.88,2855,310.2
1585152000,8.84,8.84,8.42,8.46,35,293.6
1585224000,8.66,8.67,7.9,7.95,1200,316.4
1585238400,8.02,8.05,7.99,8.05,30,316.9
1585310400,8.14,8.2,7.75,7.75,215,321
1585324800,7.97,8.01,7.92,7.95,55,320.4
1585569600,7.77,7.79,7.76,7.76,440,329.1
1585584000,7.81,7.81,7.77,7.79,3765,403.9
1585656000,7.8,7.8,7.72,7.72,1035,412.2
1585670400,7.76,7.76,7.76,7.76,1440,421
1585684800,7.88,7.88,7.88,7.88,5,420.8
1585742400,7.93,7.98,7.9,7.98,75,401.5
1585756800,7.97,8.09,7.93,7.93,280,403.1
1585771200,7.9,7.92,7.88,7.89,150,404.1
1585828800,7.75,7.89,7.75,7.89,450,410.1
1585857600,8,8,8,8,5,397
1585915200,7.94,8.1,7.94,8.1,80,396.5
1585929600,8.26,8.29,8.22,8.29,80,388.8
1586203200,7.98,7.99,7.98,7.99,135,390.6
1586260800,7.9,7.97,7.86,7.97,15,389.9
1586275200,8,8.03,7.95,8.02,85,385.4
1586347200,7.98,8.18,7.96,7.96,120,381.3
1586376000,7.88,7.88,7.88,7.88,5,377.3
1586433600,7.84,7.85,7.73,7.75,405,385.2
1586448000,7.73,7.73,7.73,7.73,5,384.5
1586779200,7.74,7.82,7.73,7.81,465,369.7
1586793600,7.69,7.69,7.69,7.69,5,359.8
1586865600,7.65,7.67,7.56,7.61,75,360.7
1586952000,7.37,7.51,7.37,7.51,20,360.2
1587038400,7.29,7.3,7.29,7.29,55,360.9
1587052800,7.25,7.25,7.25,7.25,110,361.6
1587124800,7.23,7.31,7.21,7.31,1265,386.3
1587153600,7.11,7.12,7.11,7.12,10,375.9
1587384000,7.21,7.21,7.15,7.16,70,375.1
1587398400,7.13,7.13,7.02,7.02,30,375.2
1587412800,7.1,7.1,7.1,7.1,5,373.1
1587556800,7.04,7.08,7.04,7.08,35,363.4
1587571200,7.07,7.07,7.07,7.07,5,357.6
1587585600,7.18,7.18,7.18,7.18,5,322.7
1587643200,7.27,7.28,7.27,7.28,20,321.3
1587657600,7.3,7.32,7.26,7.32,65,318.2
1587729600,7.75,8.61,7.75,8.61,170,315.2
1587744000,8.56,8.56,8.4,8.4,45,316
1587758400,8.38,8.38,8.38,8.38,145,318.6
1588017600,8.72,8.73,8.72,8.73,45,319.4
1588075200,8.43,8.43,8.09,8.09,655,331.2
1588089600,8.09,8.11,7.85,7.85,145,331.1
1588104000,7.99,8.01,7.93,7.96,115,332.3
1588161600,7.96,8.07,7.79,7.86,510,342.4
1588176000,7.8,7.85,7.69,7.69,2580,392.3
1588190400,7.72,7.73,7.72,7.73,10,335.4
1588248000,7.75,7.86,7.74,7.76,85,336.4
1588262400,7.86,7.86,7.71,7.71,35,313.1
1588593600,7.97,7.98,7.89,7.89,160,315.7
1588608000,7.89,7.93,7.84,7.84,170,314.8
1588622400,7.8,7.81,7.8,7.81,80,315.3
1588680000,7.65,7.92,7.56,7.82,235,311.2
1588694400,7.7,7.7,7.7,7.7,115,238.2
1588708800,7.84,7.85,7.84,7.84,65,218.8
1588766400,7.89,7.95,7.89,7.91,50,191
1588780800,7.91,7.91,7.71,7.71,465,200.2
1588795200,7.68,7.68,7.68,7.68,10,198.9
1588852800,7.66,7.95,7.66,7.83,380,200.9
1588867200,7.9,7.9,7.81,7.87,55,199
1588881600,7.99,7.99,7.98,7.98,10,190.2
1588939200,7.93,7.93,7.83,7.84,360,197.3
1588953600,7.85,7.85,7.8,7.8,85,197.4
1589198400,7.91,8.02,7.83,7.88,55,196.9
1589284800,7.76,7.86,7.74,7.86,135,196.9
1589299200,7.92,8.36,7.92,8.3,795,212.5
1589371200,8.07,8.32,8.07,8.29,375,218.3
1589385600,8.25,8.38,8.18,8.38,85,217.6
1589400000,8.3,8.32,8.3,8.32,25,218
1589457600,8.48,8.55,8.42,8.44,375,217.4
1589472000,8.39,8.39,8.19,8.19,140,220.1
1589486400,8.17,8.24,8.17,8.24,165,214.1
1589544000,8.25,8.26,8.12,8.25,175,217.5
1589558400,8.16,8.21,8.16,8.21,25,216.5
1589572800,8.22,8.25,8.22,8.25,40,216.9
1589803200,8.06,8.11,7.99,7.99,100,217.8
1589817600,7.98,8.01,7.98,7.99,85,217.3
1589889600,8.01,8.03,7.95,7.95,120,194.4
1589904000,7.97,8,7.96,7.99,125,196.7
1589918400,7.99,7.99,7.96,7.98,55,196.4
1589976000,7.99,8.01,7.96,7.96,20,196.2
1589990400,7.96,7.96,7.95,7.95,15,196.4
1590004800,7.98,7.98,7.98,7.98,55,196.8
1590062400,7.94,7.94,7.84,7.86,25,197.2
1590076800,7.82,7.82,7.76,7.78,70,198.5
1590091200,7.74,7.74,7.74,7.74,5,198.2
1590148800,7.76,7.88,7.65,7.65,125,199.4
1590163200,7.66,7.74,7.65,7.74,50,197
1590177600,7.79,7.79,7.49,7.49,185,199.8
1590408000,7.47,7.47,7.38,7.41,270,202.3
1590422400,7.4,7.41,7.37,7.37,90,203.2
1590436800,7.35,7.35,7.35,7.35,5,190.2
1590494400,7.27,7.27,7.21,7.25,35,188
1590508800,7.32,7.35,7.31,7.31,30,186.3
1590523200,7.32,7.33,7.32,7.33,30,176.7
1590580800,7.31,7.43,7.31,7.38,40,125.9
1590595200,7.27,7.28,7.27,7.28,70,127.1
1590667200,7.33,7.34,7.27,7.27,50,126.4
1590681600,7.24,7.24,7.24,7.24,10,125.9
1590696000,7.33,7.33,7.33,7.33,10,122.9
1590753600,7.22,7.22,7.22,7.22,10,119.7
1591027200,7.23,7.23,7.22,7.23,20,118.5
1591099200,7.17,7.17,7.11,7.11,50,114.8
1591113600,7.07,7.07,7.07,7.07,10,112.7
1591185600,6.94,6.94,6.94,6.94,5,111.5
1591200000,6.95,6.95,6.95,6.95,10,110.7
1591272000,7.03,7.05,7.03,7.05,15,101.7
1591286400,7.05,7.06,7.05,7.05,515,111.8
1591358400,7.02,7.3,7.02,7.17,155,107.3
1591372800,7.11,7.11,7.11,7.11,10,106.4
1591617600,7.11,7.12,7.1,7.12,35,106.9
1591632000,7.03,7.04,7.03,7.04,10,99.9
1591704000,7.07,7.07,6.99,7.02,165,101.5
1591718400,7.04,7.04,7.03,7.04,25,100.9
1591732800,7.08,7.08,7.08,7.08,10,98.4
1591790400,7,7.03,7,7.03,30,83.1
1591804800,7,7,6.9,6.93,675,89.1
1591819200,6.92,6.92,6.92,6.92,10,87.6
1591963200,6.92,6.95,6.87,6.95,95,89
1592222400,7,7.02,7,7.01,30,82.1
1592236800,7.02,7.02,6.97,6.97,20,79.7
1592308800,6.93,7.05,6.93,7.05,55,77.5
1592323200,7.05,7.05,7.04,7.04,10,74.2
1592395200,6.99,7.02,6.99,7.02,35,74.4
1592409600,7.04,7.04,6.96,6.96,50,74.6
1592424000,6.91,6.91,6.91,6.91,5,72.7
1592496000,7.05,7.1,7.05,7.1,30,71.6
1592510400,7.13,7.15,7.13,7.15,35,69.9
1592568000,7.13,7.13,7.13,7.13,40,68.2
1592582400,7.1,7.11,7.1,7.1,75,68.6
1592827200,7.12,7.21,7.12,7.21,45,69.1
1592841600,7.17,7.24,7.17,7.24,40,69.6
1592913600,7.12,7.16,7.12,7.16,20,68.9
1592928000,7.13,7.15,7.13,7.15,40,69.2
1592942400,7.16,7.16,7.16,7.16,5,67.9
1593000000,7.18,7.27,7.17,7.26,150,70.8
1593014400,7.26,7.33,7.26,7.3,110,70.5
1593086400,7.26,7.26,7.26,7.26,10,69.7
1593100800,7.1,7.1,7.1,7.1,10,66.2
1593115200,7.06,7.06,7.06,7.06,5,60.9
1593172800,7.08,7.23,7.05,7.22,230,63.7
1593187200,7.14,7.14,7.1,7.1,10,63.8
1593432000,7.12,7.18,7.1,7.11,210,67.3
1593446400,7.03,7.07,7.02,7.07,115,69
1593518400,6.99,6.99,6.98,6.98,65,69.7
1593532800,6.97,6.97,6.94,6.94,45,69.8
1593604800,6.85,6.92,6.84,6.89,305,74.5
1593619200,6.89,6.89,6.86,6.87,60,74.7
1593633600,6.84,6.84,6.84,6.84,10,74.7
1593691200,6.84,6.84,6.8,6.82,145,77.4
1593705600,6.8,6.89,6.8,6.85,130,79.8
1593720000,6.82,6.82,6.82,6.82,105,81.5
1593777600,6.79,6.79,6.73,6.73,130,83.1
1593792000,6.72,6.73,6.72,6.73,10,83.1
1593806400,6.7,6.7,6.7,6.7,30,83.6
1594036800,6.67,6.71,6.67,6.7,130,86
1594065600,6.69,6.69,6.69,6.69,55,86.8
1594123200,6.77,6.8,6.77,6.8,30,77.1
1594137600,6.78,6.78,6.78,6.78,25,74.5
1594209600,6.83,6.84,6.78,6.78,75,75.8
1594224000,6.78,6.78,6.78,6.78,25,75.6
1594296000,6.72,6.72,6.71,6.71,65,76.7
1594310400,6.67,6.67,6.67,6.67,15,73.7
1594382400,6.68,6.68,6.68,6.68,5,73.3
1594396800,6.63,6.64,6.63,6.64,10,73.3
1594411200,6.61,6.61,6.61,6.61,5,72.8
1594641600,6.67,6.67,6.67,6.67,60,60.5
1594656000,6.64,6.68,6.64,6.68,10,60.5
1594670400,6.73,6.74,6.73,6.74,10,58.8
1594728000,6.73,6.73,6.73,6.73,5,58.3
1594742400,6.73,6.76,6.71,6.71,20,58.3
1594814400,6.6,6.63,6.6,6.63,85,58.9
1594828800,6.63,6.7,6.63,6.7,50,59.7
1594843200,6.7,6.7,6.7,6.7,5,59.1
1594900800,6.71,6.72,6.71,6.72,15,58.4
1594915200,6.72,6.72,6.71,6.71,30,58.9
1594929600,6.68,6.68,6.64,6.64,75,59.8
1594987200,6.59,6.6,6.59,6.6,245,64
1595246400,6.55,6.55,6.55,6.55,20,63.6
1595260800,6.52,6.52,6.52,6.52,40,62.9
1595332800,6.64,6.64,6.61,6.64,180,65.6
1595347200,6.63,6.63,6.56,6.56,50,65.8
1595419200,6.55,6.61,6.55,6.61,45,66.3
1595433600,6.64,6.68,6.64,6.68,55,66.6
1595505600,6.71,6.74,6.69,6.69,100,68.5
1595520000,6.68,6.71,6.67,6.71,15,65.8
1595534400,6.72,6.72,6.71,6.71,15,63.9
1595592000,6.68,6.68,6.65,6.65,15,64
1595606400,6.64,6.65,6.61,6.63,60,65
1595620800,6.63,6.63,6.59,6.59,55,66
1595851200,6.6,6.62,6.54,6.55,80,63
1595865600,6.52,6.56,6.5,6.54,130,65.4
1595880000,6.55,6.55,6.55,6.55,60,62.4
1595937600,6.59,6.64,6.58,6.58,160,63.3
1595952000,6.61,6.61,6.61,6.61,10,62.2
1596024000,6.53,6.53,6.52,6.52,20,61.7
1596110400,6.62,6.62,6.52,6.52,30,56.2
1596124800,6.49,6.49,6.49,6.49,10,55.2
1596196800,6.38,6.41,6.38,6.41,15,55.3
1596211200,6.4,6.4,6.4,6.4,5,52.5
1596456000,6.38,6.38,6.38,6.38,10,50.1
1596470400,6.37,6.37,6.37,6.37,50,49
1596542400,6.44,6.49,6.44,6.48,35,47.1
1596556800,6.47,6.47,6.47,6.47,15,47.2
1596628800,6.44,6.44,6.43,6.43,60,47.8
1596643200,6.53,6.58,6.53,6.58,20,45.6
1596657600,6.56,6.56,6.56,6.56,5,44.6
1596715200,6.54,6.63,6.54,6.55,315,50.3
1596729600,6.53,6.55,6.52,6.52,30,50.4
1596744000,6.49,6.51,6.49,6.51,25,49.4
1596801600,6.53,6.69,6.53,6.69,170,52.3
1596816000,6.69,6.73,6.67,6.67,130,53.6
1596830400,6.64,6.66,6.64,6.66,50,54.3
1597060800,6.65,6.74,6.65,6.74,195,58.1
1597075200,6.77,6.77,6.75,6.76,80,59.5
1597089600,6.73,6.77,6.73,6.77,310,65.6
1597147200,6.74,6.87,6.74,6.87,465,73.7
1597161600,6.88,6.88,6.81,6.87,620,85.9
1597176000,6.88,6.88,6.87,6.87,15,86
1597233600,6.93,7.19,6.93,7.16,915,104.2
1597248000,7.15,7.16,7.01,7.01,140,106.6
1597262400,6.98,6.99,6.95,6.95,115,107.2
1597320000,6.94,7.17,6.94,7.17,445,115.1
1597334400,7.16,7.21,7.12,7.21,75,116.5
1597348800,7.13,7.13,7.13,7.13,35,116.9
1597406400,7.34,7.34,7.14,7.14,75,117.8
1597420800,7.17,7.2,7.16,7.16,55,117.4
1597665600,7.21,7.25,7.21,7.25,65,113.8
1597680000,7.26,7.34,7.26,7.31,120,115.8
1597694400,7.31,7.32,7.26,7.26,70,116.4
1597752000,7.11,7.2,7.06,7.08,145,115.7
1597766400,7.09,7.1,7.07,7.08,60,115.9
1597838400,7.02,7.04,6.96,7.03,70,116.4
1597852800,7.06,7.18,7.06,7.18,165,118.6
1597867200,7.2,7.2,7.2,7.2,5,116.7
1597924800,7.47,7.47,7.22,7.24,120,118.8
1597939200,7.29,7.29,7.18,7.19,130,121.1
1597953600,7.12,7.12,7.12,7.12,5,120.9
1598011200,7.11,7.2,7.11,7.14,125,122.2
1598270400,7.09,7.09,7.09,7.09,15,121.4
1598284800,7.1,7.1,7.06,7.06,20,120.2
1598371200,7.19,7.19,7.19,7.19,20,118
1598443200,7.14,7.43,7.14,7.36,170,120.2
1598457600,7.38,7.39,7.34,7.34,30,117.6
1598472000,7.29,7.29,7.28,7.28,20,117.8
1598529600,7.33,7.38,7.27,7.37,85,119.1
1598544000,7.34,7.34,7.29,7.29,30,119.1
1598616000,7.19,7.2,7.19,7.2,15,119.2
1598630400,7.13,7.13,7.1,7.12,140,121.7
1598875200,7.18,7.18,7.18,7.18,5,121.7
1598961600,7.19,7.19,7.03,7.05,180,125.1
1598976000,7.01,7.01,6.99,6.99,25,124.6
1599048000,7.01,7.04,7.01,7.04,20,124.3
1599134400,7.06,7.06,7.02,7.02,45,124.9
1599220800,7,7.01,6.92,7.01,55,124.8
1599235200,7.01,7.01,6.93,6.93,15,124.7
1599249600,6.95,6.96,6.95,6.96,180,128.2
1599566400,7.05,7.12,7.03,7.06,35,122.6
1599580800,7.08,7.08,7.08,7.08,5,122.1
1599739200,7.16,7.26,7.16,7.26,45,122.5
1599753600,7.28,7.28,7.28,7.28,10,119.3
1599768000,7.26,7.26,7.26,7.26,10,116.9
1599825600,7.22,7.22,7.22,7.22,5,116
1599840000,7.26,7.34,7.26,7.34,25,112.6
1600084800,7.25,7.25,7.25,7.25,55,112.1
1600099200,7.25,7.25,7.24,7.24,20,106.3
1600113600,7.28,7.28,7.27,7.27,150,100
1600171200,7.25,7.42,7.25,7.34,425,96.1
1600257600,7.39,7.45,7.39,7.45,135,98.5
1600272000,7.46,7.46,7.46,7.46,10,80.4
1600344000,7.52,7.52,7.45,7.45,30,78.2
1600430400,7.37,7.5,7.37,7.5,115,78.2
1600444800,7.53,7.7,7.53,7.59,105,71.4
1600459200,7.6,7.66,7.6,7.66,15,70.2
1600689600,7.75,7.84,7.71,7.73,180,73.1
1600704000,7.68,7.68,7.68,7.68,5,71.7
1600790400,7.64,7.64,7.64,7.64,10,70.8
1600804800,7.57,7.57,7.57,7.57,10,69.7
1600862400,7.67,7.67,7.6,7.61,30,67.9
1600876800,7.67,7.77,7.67,7.77,10,66.7
1600891200,7.76,7.76,7.76,7.76,5,63.9
1600948800,7.76,7.76,7.62,7.62,45,63.6
1600963200,7.49,7.51,7.49,7.51,260,67.4
1601035200,7.46,7.52,7.46,7.5,40,64.9
1601294400,7.44,7.7,7.44,7.68,160,68
1601308800,7.61,8.28,7.61,7.98,270,71
1601380800,8.12,8.15,7.89,7.97,160,71.6
1601395200,7.91,7.94,7.91,7.94,15,71.8
1601467200,7.92,7.99,7.79,7.81,85,71
1601481600,7.82,7.82,7.75,7.82,25,71.2
1601553600,7.73,7.95,7.73,7.93,410,79
1601568000,7.9,7.9,7.83,7.83,125,81.1
1601582400,7.8,7.81,7.78,7.78,55,78.8
1601640000,7.71,8.03,7.69,8.03,470,87.6
1601654400,7.83,7.93,7.83,7.93,20,87.6
1601668800,7.95,7.95,7.95,7.95,10,86.1
1601899200,7.98,7.98,7.8,7.8,550,96.5
1601913600,7.8,7.82,7.73,7.73,90,98
1601928000,7.75,7.78,7.75,7.78,45,96.1
1601985600,7.65,7.89,7.64,7.77,130,98.6
1602000000,7.73,7.89,7.73,7.89,165,98.3
1602014400,7.83,7.83,7.83,7.83,5,97.9
1602072000,7.87,8,7.87,7.92,20,97.9
1602086400,7.93,7.93,7.75,7.88,195,100.9
1602158400,7.92,7.92,7.82,7.88,45,100.7
1602259200,7.84,7.84,7.84,7.84,10,100.6
1602590400,7.78,7.78,7.76,7.76,15,97.3
1602604800,7.65,7.65,7.65,7.65,5,96.7
1602676800,7.6,7.6,7.6,7.6,15,96.9
1602691200,7.67,7.67,7.67,7.67,110,98.2
1602849600,7.84,7.9,7.82,7.83,145,100.9
1602864000,7.82,7.84,7.81,7.84,45,101.6
1602878400,7.86,7.86,7.84,7.84,20,101.9
1603108800,7.79,7.86,7.66,7.66,370,108.8
1603123200,7.64,7.71,7.63,7.71,20,108.1
1603195200,7.62,7.62,7.57,7.57,135,110.4
1603209600,7.56,7.56,7.54,7.54,10,107.6
1603281600,7.58,7.6,7.56,7.59,75,100.6
1603296000,7.5,7.62,7.5,7.57,90,99.7
1603368000,7.62,7.69,7.6,7.69,165,102.8
1603382400,7.68,7.7,7.68,7.7,10,102.4
1603454400,7.7,7.77,7.7,7.72,1270,125.5
1603468800,7.71,7.76,7.71,7.76,35,124.1
1603483200,7.75,7.75,7.75,7.75,55,124.9
1603713600,7.68,7.78,7.68,7.72,205,125.4
1603728000,7.72,7.79,7.7,7.7,1785,161
1603742400,7.7,7.7,7.7,7.7,15,161.1
1603800000,7.74,7.81,7.74,7.79,810,177.1
1603814400,7.77,7.83,7.71,7.74,195,180.4
1603828800,7.76,7.79,7.76,7.79,50,181.2
1603886400,7.82,7.9,7.79,7.8,825,197.6
1603900800,7.79,7.79,7.68,7.7,235,201.4
1603972800,7.79,7.79,7.72,7.72,40,197
1603987200,7.75,7.75,7.74,7.75,1945,235.1
1604001600,7.83,7.83,7.83,7.83,20,232.3
1604059200,7.81,7.93,7.79,7.9,90,228.7
1604073600,7.86,7.86,7.86,7.86,5,225.6
1604088000,7.81,7.81,7.79,7.8,45,226.2
1604404800,7.82,7.82,7.82,7.82,5,224.6
1604419200,7.93,7.96,7.92,7.96,35,224.8
1604433600,7.97,7.97,7.94,7.95,80,218.2
1604491200,7.78,7.84,7.75,7.75,235,220.4
1604678400,7.67,7.67,7.65,7.65,15,219.6
1604692800,7.5,7.5,7.5,7.5,15,210.5
1604923200,7.42,7.42,7.33,7.39,85,211.8
1604937600,7.38,7.38,7.38,7.38,10,211.8
1604952000,7.4,7.44,7.4,7.41,165,204.1
1605009600,7.43,7.48,7.43,7.46,20,202.7
1605110400,7.69,7.69,7.68,7.68,25,202.3
1605182400,7.69,7.69,7.66,7.66,205,203.8
1605196800,7.82,7.85,7.82,7.84,110,202.7
1605211200,7.87,7.87,7.87,7.87,5,202.7
1605268800,7.76,7.77,7.76,7.77,20,202.7
1605283200,7.77,7.79,7.69,7.7,75,200.3
1605528000,7.57,7.61,7.57,7.61,10,199.6
1605542400,7.67,7.75,7.67,7.75,1420,227.8
1605556800,7.7,7.7,7.7,7.7,5,227.6
1605715200,7.81,7.81,7.81,7.81,15,227.8
1605787200,7.85,7.89,7.81,7.87,60,228.7
1605801600,7.89,7.89,7.89,7.89,25,227
1605816000,7.86,7.86,7.86,7.86,10,224.3
1605873600,7.87,7.93,7.87,7.93,25,223.9
1605888000,8.04,8.04,7.98,7.98,5525,334
1606132800,8.05,8.1,8.04,8.1,30,327.2
1606147200,8.07,8.07,8.07,8.07,1010,347
1606219200,8.06,8.06,7.96,8.01,345,351.2
1606233600,8.01,8.04,7.99,7.99,630,363.6
1606305600,7.96,7.96,7.91,7.91,65,363.4
1606320000,7.92,7.94,7.92,7.93,30,362.2
1606392000,7.92,7.92,7.88,7.88,20,359.3
1606406400,7.86,7.86,7.83,7.83,10,359.3
1606478400,7.82,7.82,7.79,7.79,30,334.5
1606492800,7.78,7.78,7.78,7.78,5,333.9
1606507200,7.77,7.77,7.77,7.77,100,334.8
1606737600,7.81,7.89,7.81,7.83,150,333.7
1606824000,7.76,7.76,7.68,7.68,30,298.6
1606910400,7.51,7.51,7.51,7.51,20,298.7
1606924800,7.5,7.5,7.47,7.5,135,285.2
1606996800,7.53,7.53,7.53,7.53,200,285.3
1607025600,7.27,7.27,7.27,7.27,5,284.4
1607083200,7.28,7.28,7.28,7.28,10,268.1
1607342400,7.2,7.23,7.2,7.23,10,263.6
1607371200,7.3,7.35,7.26,7.26,40,263.6
1607428800,7.23,7.23,7.19,7.19,190,228.5
1607443200,7.2,7.2,7.14,7.16,25,228.6
1607515200,7.19,7.19,7.14,7.14,20,227.2
1607544000,7.2,7.2,7.2,7.2,5,227.2
1607601600,7.2,7.2,7.1,7.1,145,229.2
1607688000,7.09,7.1,6.93,7.09,305,235.2
1607702400,6.99,6.99,6.99,6.99,5,234.6
1607716800,6.98,6.98,6.98,6.98,5,233.1
1607947200,7.06,7.11,7.06,7.11,20,228.8
1608033600,7.05,7.05,7.05,7.05,50,229.5
1608062400,6.96,6.96,6.96,6.96,5,229.3
1608134400,7.03,7.03,7.03,7.03,40,228.4
1608148800,7.03,7.03,7.03,7.03,150,231.2
1608206400,7,7.02,6.96,6.96,220,232.3
1608220800,7.02,7.02,7.02,7.02,35,232.6
1608292800,7.09,7.09,7.03,7.03,15,232.4
1608321600,6.96,6.96,6.96,6.96,30,228.9
1608638400,6.89,6.93,6.89,6.92,35,227.4
1608652800,6.9,6.9,6.9,6.9,10,227.5
1608739200,6.83,6.83,6.8,6.8,15,227.4
1609171200,6.86,6.86,6.86,6.86,10,226.1
1609185600,6.83,6.83,6.83,6.83,10,226.1
1609243200,6.79,6.79,6.72,6.72,920,216.1
1609257600,6.7,6.7,6.7,6.7,5,216.1
1609272000,6.68,6.68,6.68,6.68,20,216.2
1609329600,6.69,6.71,6.67,6.67,185,218.7
1609344000,6.67,6.68,6.65,6.66,675,231.7
1609358400,6.7,6.7,6.69,6.69,20,231.9
1609761600,6.62,6.64,6.61,6.64,90,233.2
1609776000,6.65,6.68,6.64,6.65,615,135
1609790400,6.64,6.67,6.64,6.66,95,136.3
1609848000,6.65,6.77,6.65,6.77,310,122.3
1609862400,6.82,6.82,6.74,6.75,80,117
1609876800,6.75,6.75,6.75,6.75,395,112.3
1609934400,6.79,6.89,6.79,6.89,125,113.5
1609948800,6.88,6.88,6.88,6.88,20,113.3
1609963200,6.99,6.99,6.94,6.94,45,113.8
1610020800,7.02,7.18,7,7.15,1180,137.2
1610035200,7.18,7.23,7.18,7.22,70,138
1610049600,7.2,7.23,7.19,7.23,45,138.8
1610107200,7.16,7.38,7.15,7.38,460,146
1610121600,7.31,7.34,7.21,7.28,380,150.6
1610136000,7.28,7.28,7.28,7.28,25,150.5
1610366400,7.38,7.57,7.38,7.57,115,152.4
1610380800,7.64,7.64,7.45,7.46,245,154.6
1610395200,7.46,7.46,7.46,7.46,15,150.9
1610452800,7.56,7.56,7.42,7.42,20,151.2
1610467200,7.36,7.36,7.35,7.36,30,151.6
1610481600,7.38,7.38,7.35,7.35,85,153.1
1610539200,7.39,7.49,7.39,7.48,20,152.7
1610553600,7.45,7.55,7.45,7.55,30,149.5
1610568000,7.54,7.55,7.5,7.52,325,155.5
1610625600,7.48,7.49,7.36,7.41,1085,176.8
1610640000,7.35,7.35,7.34,7.34,10,176.9
1610654400,7.3,7.31,7.3,7.31,15,174.3
1610712000,7.35,7.36,7.28,7.28,3025,228.7
1610726400,7.26,7.37,7.26,7.37,35,229.3
1610740800,7.43,7.45,7.43,7.45,10,229.4
1610971200,7.4,7.4,7.3,7.3,80,230.6
1610985600,7.27,7.3,7.26,7.28,50,230.6
1611000000,7.3,7.33,7.3,7.32,1225,255
1611057600,7.29,7.38,7.26,7.36,130,256.8
1611072000,7.37,7.42,7.33,7.35,250,258.8
1611086400,7.37,7.37,7.37,7.37,5,254.5
1611144000,7.38,7.38,7.34,7.34,30,254.4
1611158400,7.39,7.39,7.39,7.39,5,254.2
1611172800,7.36,7.39,7.36,7.39,10,253.8
1611230400,7.36,7.56,7.28,7.55,570,264.5
1611244800,7.51,7.51,7.45,7.49,140,267.1
1611259200,7.51,7.53,7.51,7.52,115,269.1
1611316800,7.6,7.65,7.57,7.63,220,273.3
1611331200,7.63,7.76,7.63,7.75,235,277.8
1611345600,7.7,7.71,7.67,7.7,90,261.2
1611662400,7.71,7.71,7.49,7.59,155,264.2
1611676800,7.52,7.54,7.52,7.54,20,264.2
1611691200,7.57,7.57,7.57,7.57,10,260.7
1611748800,7.56,7.56,7.45,7.47,45,248.1
1611777600,7.48,7.48,7.45,7.45,135,250.4
1611835200,7.45,7.45,7.27,7.27,145,251.5
1611849600,7.3,7.42,7.3,7.42,25,239.7
1611936000,7.28,7.28,7.28,7.28,5,237.9
1612180800,7.17,7.28,7.17,7.27,90,233.5
1612195200,7.29,7.29,7.29,7.29,10,232.1
1612209600,7.21,7.21,7.21,7.21,15,224.5
1612267200,7.15,7.19,7.15,7.15,80,223.6
1612281600,7.14,7.14,7.1,7.12,245,228.1
1612296000,7.11,7.12,7.1,7.1,115,229.5
1612353600,7.15,7.15,7.14,7.14,55,207
1612382400,7.14,7.14,7.14,7.14,5,205.7
1612440000,7.19,7.2,7.18,7.19,95,206.7
1612454400,7.17,7.2,7.17,7.2,30,198.1
1612468800,7.21,7.21,7.21,7.21,1180,214.1
1612526400,7.24,7.29,7.17,7.17,210,217.8
1612540800,7.19,7.19,7.19,7.19,5,215.6
1612555200,7.21,7.21,7.19,7.19,15,211
1612785600,7.25,7.25,7.2,7.21,570,222.1
1612800000,7.23,7.23,7.23,7.23,20,222.1
1612814400,7.24,7.26,7.24,7.26,15,221.8
1612872000,7.26,7.4,7.25,7.38,200,224.1
1612886400,7.36,7.36,7.33,7.33,25,224.2
1612900800,7.34,7.36,7.34,7.34,20,224
1612958400,7.4,7.4,7.4,7.4,5,217.6
1612972800,7.38,7.39,7.37,7.37,55,197
1612987200,7.33,7.33,7.32,7.32,5475,306.3
1613044800,7.36,7.36,7.29,7.32,725,320.5
1613059200,7.39,7.39,7.38,7.39,40,260.8
1613073600,7.34,7.34,7.34,7.34,5,260.2
1613131200,7.42,7.46,7.42,7.42,90,261.8
1613145600,7.41,7.43,7.4,7.41,60,261.4
1613160000,7.43,7.44,7.41,7.41,15,260.7
1613577600,7.61,7.61,7.5,7.5,50,237.2
1613592000,7.47,7.47,7.46,7.46,35,235.3
1613649600,7.47,7.5,7.47,7.48,20,230.7
1613664000,7.5,7.5,7.47,7.49,695,244.5
1613678400,7.43,7.43,7.43,7.43,20,244.3
1613736000,7.6,7.6,7.52,7.55,30,244.8
1613750400,7.54,7.6,7.54,7.6,3460,313.8
1613764800,7.57,7.57,7.57,7.57,5,302.5
1613995200,7.87,7.94,7.87,7.88,980,319.3
1614009600,7.87,7.87,7.82,7.82,1735,351.7
1614081600,7.75,7.81,7.72,7.78,2245,392.2
1614096000,7.74,7.76,7.71,7.71,90,389.3
1614168000,7.71,7.88,7.71,7.85,210,391.7
1614182400,7.84,7.94,7.84,7.9,345,395.5
1614196800,7.87,7.91,7.87,7.91,15,395.4
1614254400,7.98,8.06,7.87,8,225,399.7
1614268800,8.05,8.14,8.01,8.01,650,411.8
1614283200,8.03,8.1,8.03,8.05,90,410.9
1614340800,8.02,8.16,7.94,8.14,135,410.7
1614355200,8.15,8.15,8.07,8.07,275,415.7
1614369600,8.09,8.11,8.02,8.02,90,417.4
1614600000,8.08,8.18,8.08,8.14,70,417
1614614400,8.13,8.17,8.13,8.17,60,418
1614628800,8.16,8.3,8.16,8.29,190,421.5
1614686400,8.3,8.51,8.3,8.46,895,437.8
1614700800,8.47,8.58,8.32,8.32,1815,469.2
1614715200,8.25,8.32,8.25,8.32,40,467.7
1614772800,8.27,8.55,8.27,8.55,1090,488.4
1614787200,8.52,8.61,8.41,8.41,315,494.6
1614801600,8.42,8.43,8.13,8.18,150,495.7
1614859200,8.11,8.11,8.05,8.05,10,495.3
1614873600,8.02,8.1,8,8.07,230,476.3
1614888000,8.05,8.06,8.03,8.03,175,475.6
1614945600,8.07,8.12,7.94,8,865,492.8
1614960000,7.99,8.02,7.82,7.82,540,503.3
1614974400,7.82,7.89,7.81,7.84,205,496
1615204800,7.94,7.95,7.89,7.91,710,509.8
1615219200,7.92,8.11,7.9,8.1,140,512.3
1615233600,8.17,8.2,8.15,8.2,65,509.6
1615291200,8.19,8.4,8.1,8.16,500,519.1
1615305600,8.24,8.26,8.09,8.26,545,529.6
1615320000,8.24,8.25,8.21,8.22,55,530.6
1615377600,8.17,8.39,8.17,8.39,185,533.2
1615392000,8.3,8.4,8.19,8.2,105,425.8
1615406400,8.16,8.21,8.16,8.21,25,411.8
1615464000,8.17,8.17,8.06,8.15,80,412.6
1615478400,8.04,8.11,8.04,8.08,85,414.2
1615492800,8.1,8.1,8.1,8.1,5,412.5
1615550400,8.15,8.18,8.08,8.15,105,413.4
1615564800,8.18,8.28,8.18,8.23,70,414.5
1615579200,8.17,8.17,8.17,8.17,5,413.6
1615809600,8.14,8.15,8.13,8.15,25,413.4
1615824000,8.14,8.14,8.14,8.14,5,413.1
1615838400,8.12,8.15,8.12,8.15,10,399.4
1615896000,8.05,8.08,8,8.04,120,401.4
1615910400,8.07,8.09,8.07,8.09,410,409
1615924800,8.05,8.05,8.03,8.03,15,340.1
1615982400,8.16,8.21,8.12,8.21,380,347.6
1615996800,8.17,8.18,8.1,8.13,640,340.8
1616011200,8.04,8.09,8.04,8.09,25,306.6
1616068800,8.11,8.18,8.09,8.16,540,272.5
1616083200,8.12,8.12,8,8.04,115,273
1616097600,8.02,8.06,8.02,8.06,50,269.8
1616155200,8.08,8.15,8.08,8.15,720,277.3
1616169600,8.14,8.26,8.12,8.26,260,282.2
1616184000,8.22,8.22,8.22,8.22,30,278.3
1616414400,8.31,8.55,8.31,8.46,210,269.5
1616428800,8.48,8.48,8.38,8.38,115,270
1616443200,8.37,8.37,8.36,8.36,20,267.7
1616500800,8.46,8.56,8.46,8.53,265,267.5
1616515200,8.56,8.62,8.56,8.62,125,268.2
1616529600,8.61,8.69,8.61,8.69,45,267.7
1616587200,8.66,8.75,8.64,8.7,130,269.1
1616601600,8.74,8.82,8.74,8.82,105,267.4
1616616000,8.94,8.95,8.84,8.86,165,252.8
1616673600,8.91,9.18,8.79,8.86,1045,237.4
1616688000,8.76,8.92,8.72,8.9,405,244.7
1616702400,8.83,8.83,8.77,8.79,35,223.6
1616760000,8.81,8.96,8.68,8.7,175,220.8
1616774400,8.72,8.91,8.7,8.85,1140,240.6
1616788800,8.86,8.89,8.83,8.89,340,247.2
1617019200,8.95,9.01,8.93,9.01,210,246.8
1617033600,8.97,9.01,8.93,9.01,130,245.9
1617048000,8.93,8.94,8.93,8.94,35,229.3
1617105600,8.9,9,8.9,8.96,105,220.6
1617120000,8.94,8.94,8.86,8.86,125,219
1617134400,8.93,8.94,8.93,8.94,15,205.1
1617192000,8.9,8.9,8.8,8.86,290,208.1
1617220800,8.89,8.89,8.89,8.89,5,206.9
1617278400,8.91,8.97,8.9,8.93,270,202.3
1617292800,8.95,9.05,8.93,9.05,260,196.6
1617307200,9.03,9.09,9.03,9.07,65,196.8
1617624000,9,9.01,8.96,8.96,70,194.5
1617638400,8.96,8.96,8.96,8.96,5,192.5
1617652800,8.98,8.98,8.98,8.98,5,192.1
1617710400,8.99,9.01,8.98,8.98,25,191
1617724800,8.97,9.03,8.97,9,70,190.7
1617739200,9.08,9.08,9.08,9.08,5,190.7
1617796800,9.05,9.13,9.03,9.13,75,190.1
1617811200,9.1,9.17,9.08,9.16,85,190.4
1617825600,9.16,9.16,9.08,9.15,650,203.3
1617883200,9.15,9.15,9.01,9.01,205,206.9
1617897600,8.95,9.01,8.94,8.99,65,208.1
1617912000,8.94,8.94,8.93,8.93,25,208.4
1617969600,8.94,9.09,8.94,9.06,300,212
1617984000,9.07,9.11,9.07,9.1,295,209.7
1617998400,9.12,9.12,9.12,9.12,5,209.5
1618228800,9.17,9.17,9.04,9.09,130,204.5
1618243200,9.08,9.14,9.03,9.14,115,194
1618257600,9.06,9.06,9.06,9.06,5,193.6
1618315200,9.1,9.25,9.1,9.16,120,185.2
1618329600,9.17,9.23,9.13,9.22,35,183.6
1618344000,9.23,9.24,9.2,9.23,130,185.2
1618401600,9.25,9.28,9.14,9.14,885,188.5
1618416000,9.18,9.19,9.15,9.15,55,184.4
1618430400,9.14,9.16,9.14,9.16,95,185.7
1618488000,9.19,9.19,9.03,9.03,140,184.3
1618502400,9.02,9.06,9,9.06,190,185.8
1618516800,9.06,9.06,9.04,9.04,105,187.5
1618574400,9.07,9.08,9,9,75,183.7
1618588800,8.95,8.95,8.88,8.88,95,183.1
1618603200,8.83,8.83,8.83,8.83,15,182.5
1618833600,8.78,8.83,8.65,8.67,660,193.1
1618848000,8.65,8.7,8.61,8.7,40,191.8
1618862400,8.71,8.71,8.66,8.66,10,188.7
1618920000,8.75,8.83,8.75,8.82,1465,197.1
1618934400,8.81,8.86,8.81,8.86,55,190.1
1618948800,8.85,8.85,8.83,8.83,65,190.7
1619092800,8.8,8.8,8.67,8.67,605,199.3
1619107200,8.67,8.7,8.65,8.65,70,177.9
1619121600,8.61,8.61,8.58,8.61,45,172
1619179200,8.59,8.59,8.53,8.57,80,169.4
1619193600,8.55,8.55,8.54,8.55,120,169.2
1619208000,8.57,8.58,8.57,8.58,70,169.9
1619438400,8.59,8.61,8.56,8.58,360,175
1619452800,8.57,8.57,8.53,8.53,125,175
1619467200,8.52,8.52,8.5,8.5,45,175.6
1619524800,8.53,8.61,8.49,8.6,500,179.8
1619539200,8.59,8.63,8.58,8.61,320,186.1
1619553600,8.61,8.61,8.61,8.61,5,180.8
1619611200,8.64,8.68,8.64,8.66,115,177.9
1619625600,8.66,8.67,8.56,8.58,2165,219.9
1619640000,8.59,8.59,8.59,8.59,10,218.7
1619697600,8.65,8.7,8.65,8.68,155,221.7
1619712000,8.67,8.67,8.58,8.58,540,232.4
1619726400,8.54,8.54,8.54,8.54,5,232
1619784000,8.57,8.6,8.56,8.59,90,232.4
1619798400,8.56,8.62,8.56,8.61,980,251.9
1619812800,8.62,8.63,8.62,8.63,845,267.3
1620043200,8.63,8.68,8.63,8.64,115,267.9
1620057600,8.69,8.7,8.69,8.7,175,258.4
1620072000,8.68,8.69,8.68,8.69,10,254.5
1620129600,8.73,8.73,8.73,8.73,5,253.3
1620144000,8.81,8.83,8.81,8.83,1675,286.3
1620158400,8.84,8.85,8.84,8.85,65,281.6
1620216000,8.84,8.84,8.79,8.79,165,279
1620230400,8.78,8.78,8.76,8.76,50,279.9
1620244800,8.8,8.8,8.79,8.79,10,277.5
1620302400,8.76,8.81,8.69,8.69,95,277.1
1620316800,8.68,8.82,8.68,8.82,1040,297.8
1620331200,8.82,8.84,8.82,8.83,1035,316.1
1620388800,8.92,8.92,8.81,8.81,5430,424
1620403200,8.73,8.86,8.73,8.81,1050,442.4
1620417600,8.81,8.81,8.78,8.78,10,424.9
1620648000,8.84,8.87,8.81,8.81,3080,485.4
1620662400,8.84,8.87,8.84,8.87,575,495
1620676800,8.89,8.89,8.86,8.89,405,500.3
1620734400,8.9,9,8.89,8.89,315,502.8
1620748800,8.9,8.9,8.88,8.89,695,514.6
1620763200,8.87,8.88,8.87,8.88,20,513.5
1620820800,8.91,9.03,8.91,8.99,200,515.6
1620835200,9,9.1,8.98,9.05,130,517.9
1620849600,9.04,9.04,9.02,9.02,15,505
1620907200,8.97,9.02,8.97,9.02,405,512.3
1620921600,9.03,9.03,9.01,9.02,80,513.7
1620936000,9,9,9,9,5,484.5
1620993600,8.99,9,8.93,8.96,235,488.1
1621008000,9,9.04,9,9.03,55,487.9
1621022400,9,9,9,9,15,476.1
1621252800,9.07,9.07,8.95,8.95,250,479.7
1621281600,8.96,8.96,8.95,8.95,25,479.3
1621339200,8.91,9.04,8.89,9,695,491.6
1621353600,9.03,9.03,9.01,9.01,425,497.7
1621368000,9.07,9.07,9.07,9.07,5,496.4
1621425600,9.11,9.11,9.02,9.02,105,491.3
1621440000,9.1,9.15,9.1,9.15,325,495.3
1621454400,9.09,9.11,9.08,9.09,35,495.1
1621512000,9.03,9.06,9.02,9.06,185,488.8
1621526400,9.02,9.03,9.02,9.03,30,483
1621598400,9.01,9.04,9.01,9.04,80,484.5
1621612800,9.03,9.03,8.96,8.96,135,484.9
1621627200,8.97,8.97,8.97,8.97,10,441.8
1621857600,9.01,9.01,8.96,8.96,165,444.9
1621872000,9.04,9.04,9.03,9.03,100,443.8
1621886400,9.03,9.03,9.01,9.01,20,433.4
1621944000,8.93,8.97,8.93,8.96,1195,457.2
1621958400,8.96,8.96,8.96,8.96,10,455.6
1621972800,8.94,8.94,8.94,8.94,5,436.1
1622030400,8.89,8.91,8.84,8.85,165,422.5
1622059200,8.87,8.89,8.87,8.88,35,420.9
1622116800,8.91,8.92,8.81,8.84,520,427.8
1622131200,8.79,8.8,8.76,8.77,320,434
1622145600,8.74,8.74,8.71,8.71,105,436
1622203200,8.78,8.78,8.68,8.68,155,405.6
1622217600,8.69,8.69,8.63,8.66,140,407.1
1622232000,8.67,8.71,8.67,8.71,55,404.9
1622462400,8.66,8.68,8.65,8.66,80,405.5
1622476800,8.66,8.7,8.65,8.7,210,409.5
1622491200,8.7,8.7,8.68,8.68,80,409.2
1622548800,8.65,8.66,8.57,8.61,795,404.3
1622563200,8.63,8.63,8.6,8.62,1615,415.9
1622577600,8.61,8.61,8.61,8.61,15,307.6
1622635200,8.67,8.67,8.5,8.5,340,293.4
1622649600,8.5,8.53,8.5,8.51,1700,327.2
1622664000,8.52,8.52,8.52,8.52,25,266.1
1622808000,8.57,8.58,8.4,8.4,140,257.4
1622822400,8.4,8.45,8.4,8.45,20,249.7
1622836800,8.44,8.46,8.43,8.46,140,246.2
1623067200,8.44,8.5,8.44,8.47,1705,266.4
1623081600,8.49,8.54,8.49,8.52,195,269.9
1623096000,8.51,8.51,8.51,8.51,5,266
1623153600,8.47,8.47,8.42,8.43,215,267.7
1623168000,8.49,8.51,8.48,8.51,155,270.5
1623182400,8.46,8.46,8.46,8.46,20,262.8
1623240000,8.47,8.47,8.43,8.46,1095,283.1
1623254400,8.5,8.53,8.5,8.53,55,284.1
1623326400,8.52,8.57,8.47,8.56,1415,307.7
1623340800,8.57,8.61,8.55,8.6,1315,332.9
1623355200,8.6,8.62,8.6,8.62,60,333.8
1623412800,8.62,8.73,8.62,8.69,430,337.4
1623427200,8.7,8.71,8.67,8.71,195,340.8
1623441600,8.73,8.73,8.7,8.7,15,327.2
1623672000,8.72,8.72,8.65,8.65,370,326.1
1623686400,8.63,8.7,8.63,8.69,625,338.5
1623700800,8.65,8.65,8.62,8.63,60,337.6
1623758400,8.66,8.67,8.6,8.62,140,333.9
1623772800,8.61,8.63,8.59,8.59,70,334.6
1623787200,8.58,8.58,8.58,8.58,15,331.2
1623844800,8.5,8.5,8.48,8.5,50,331.6
1623859200,8.51,8.66,8.51,8.62,535,340.7
1623873600,8.57,8.59,8.57,8.59,10,338.2
1623931200,8.57,8.66,8.57,8.66,105,340.1
1623945600,8.61,8.7,8.61,8.68,65,338.1
1623960000,8.73,8.73,8.71,8.71,40,336.9
1624017600,8.72,8.84,8.69,8.84,130,339.1
1624032000,8.89,8.99,8.88,8.99,445,324.1
1624046400,8.96,8.96,8.96,8.96,20,324.3
1624276800,8.91,8.92,8.85,8.88,100,326.2
1624291200,8.84,8.84,8.81,8.81,40,323.7
1624305600,8.81,8.81,8.81,8.81,5,323.1
1624363200,8.79,8.84,8.73,8.8,290,318.5
1624377600,8.75,8.85,8.75,8.81,375,319.6
1624392000,8.83,8.83,8.79,8.81,30,318.1
1624449600,8.74,8.77,8.71,8.77,115,317.3
1624464000,8.75,8.81,8.72,8.79,175,318
1624478400,8.74,8.74,8.74,8.74,20,317.3
1624536000,8.71,8.73,8.7,8.72,125,318.2
1624564800,8.66,8.68,8.66,8.68,70,315.4
1624622400,8.62,8.65,8.61,8.65,220,318.2
1624636800,8.64,8.72,8.64,8.69,300,308.3
1624651200,8.71,8.74,8.71,8.74,10,276.2
1624881600,8.82,8.82,8.72,8.75,215,280.2
1624896000,8.75,8.75,8.61,8.61,255,278.5
1624910400,8.62,8.63,8.62,8.63,30,245.1
1624968000,8.63,8.65,8.58,8.6,165,247.9
1624982400,8.57,8.59,8.52,8.55,345,252
1625054400,8.61,8.67,8.61,8.63,170,255
1625068800,8.61,8.68,8.61,8.68,30,252.8
1625083200,8.64,8.64,8.64,8.64,10,218.9
1625140800,8.67,8.8,8.67,8.8,355,222.1
1625155200,8.77,8.77,8.74,8.74,60,223.2
1625169600,8.73,8.73,8.73,8.73,75,220.4
1625227200,8.7,8.81,8.7,8.77,110,219.5
1625486400,8.75,8.79,8.75,8.79,20,219.5
1625515200,8.81,8.83,8.81,8.83,25,198.1
1625572800,8.93,8.93,8.88,8.93,65,198.3
1625587200,8.93,8.93,8.93,8.93,50,171
1625659200,8.85,8.91,8.85,8.91,160,147.9
1625745600,8.83,8.92,8.83,8.92,30,147.3
1625760000,8.9,8.9,8.86,8.86,50,139.7
1625774400,8.87,8.89,8.85,8.88,70,137.2
1626091200,8.9,8.91,8.9,8.91,120,139.3
1626105600,8.87,8.87,8.85,8.85,150,134.9
1626120000,8.91,8.93,8.91,8.93,60,123.6
1626177600,8.91,8.97,8.91,8.97,40,123.2
1626192000,9.01,9.02,9,9,30,121
1626206400,8.96,8.96,8.96,8.96,5,119.7
1626264000,8.86,8.86,8.84,8.86,100,121.4
1626278400,8.84,8.84,8.81,8.81,20,120.8
1626350400,8.79,8.79,8.76,8.76,35,110.8
1626364800,8.85,8.89,8.79,8.8,280,116.2
1626379200,8.74,8.74,8.74,8.74,5,114.2
1626436800,8.75,8.77,8.7,8.74,110,115.1
1626451200,8.74,8.76,8.71,8.75,105,116.4
1626465600,8.78,8.78,8.78,8.78,5,113.9
1626696000,8.75,8.75,8.73,8.73,15,105.3
1626710400,8.77,8.77,8.75,8.77,25,105.4
1626724800,8.71,8.71,8.71,8.71,10,103.6
1626782400,8.73,8.75,8.71,8.72,260,108
1626796800,8.71,8.73,8.66,8.7,125,110.4
1626811200,8.71,8.72,8.71,8.72,25,105.1
1626868800,8.75,8.78,8.72,8.78,235,102.3
1626883200,8.78,8.78,8.75,8.76,150,104.7
1626897600,8.76,8.76,8.76,8.76,5,102.5
1626955200,8.77,8.77,8.77,8.77,10,99.2
1626969600,8.69,8.72,8.69,8.7,45,99.7
1627041600,8.78,8.78,8.74,8.78,270,102.6
1627056000,8.78,8.84,8.78,8.84,50,102.2
1627300800,8.86,8.87,8.81,8.81,55,98.9
1627315200,8.78,8.79,8.78,8.79,140,95.7
1627329600,8.83,8.85,8.83,8.85,15,95.8
1627387200,8.87,8.93,8.86,8.91,450,100.5
1627401600,8.9,8.9,8.86,8.86,40,96.2
1627416000,8.87,8.87,8.87,8.87,5,95.7
1627473600,8.88,8.88,8.88,8.88,5,92.5
1627488000,8.91,8.94,8.89,8.89,85,87.3
1627560000,8.88,8.88,8.83,8.83,210,88.1
1627574400,8.86,8.86,8.86,8.86,210,91.7
1627588800,8.87,8.87,8.87,8.87,75,93
1627646400,9.02,9.06,9.02,9.03,50,86.9
1627660800,9.07,9.17,9.07,9.17,245,90.6
1627675200,9.15,9.15,9.12,9.13,115,91.4
1627905600,9.07,9.09,9.04,9.04,70,90.6
1627920000,9.12,9.18,9.12,9.18,255,95.3
1627992000,9.26,9.5,9.26,9.32,295,100.7
1628006400,9.26,9.26,9.24,9.24,15,99.7
1628020800,9.2,9.2,9.18,9.18,10,98.9
1628078400,9.16,9.28,9.16,9.28,115,98
1628092800,9.22,9.23,9.22,9.23,15,97.7
1628107200,9.2,9.23,9.2,9.23,20,97.1
1628164800,9.25,9.27,9.12,9.26,170,99.1
1628179200,9.43,9.5,9.42,9.5,50,97.7
1628193600,9.47,9.59,9.47,9.59,15,95
1628251200,9.57,9.67,9.47,9.47,205,97.9
1628265600,9.47,9.53,9.47,9.53,60,98.3
1628280000,9.51,9.51,9.49,9.49,10,97.9
1628510400,9.52,9.6,9.52,9.6,35,98.5
1628524800,9.57,9.63,9.48,9.62,80,98.1
1628539200,9.65,9.66,9.65,9.66,15,98
1628596800,9.64,9.64,9.55,9.57,45,98.2
1628611200,9.58,9.63,9.58,9.63,970,112
1628625600,9.56,9.56,9.56,9.56,10,112.1
1628683200,9.53,9.61,9.49,9.6,85,111.6
1628697600,9.57,9.57,9.57,9.57,35,110.2
1628769600,9.67,9.75,9.67,9.74,55,111.2
1628784000,9.67,9.76,9.67,9.76,105,113
1628798400,9.78,9.83,9.78,9.83,30,113.1
1628856000,9.83,9.96,9.83,9.94,120,115.3
1628870400,9.93,10.05,9.9,10.05,155,113.2
1629115200,10,10.02,9.95,10.02,120,113.1
1629129600,10.04,10.16,10.04,10.15,210,116.8
1629144000,10.18,10.2,10.09,10.1,80,113.7
1629201600,10.11,10.16,10.02,10.16,340,117.5
1629216000,10.21,10.29,10.15,10.16,430,126
1629230400,10.24,10.26,10.24,10.26,20,126.2
1629288000,10.26,10.42,10.22,10.33,330,131.9
1629302400,10.3,10.49,10.26,10.49,590,138.3
1629316800,10.59,10.62,10.5,10.61,205,141.4
1629374400,10.58,10.6,10.35,10.37,985,160
1629388800,10.35,10.44,10.28,10.33,1435,185.9
1629403200,10.32,10.33,10.3,10.3,410,193.8
1629460800,10.31,10.37,10.19,10.19,295,190.7
1629475200,10.21,10.22,10.08,10.08,615,202.2
1629489600,10.11,10.15,10.1,10.15,30,202.7
1629720000,10.22,10.37,10.13,10.37,155,205.7
1629734400,10.37,10.38,10.3,10.31,115,206.3
1629748800,10.39,10.39,10.37,10.37,40,202.9
1629806400,10.3,10.3,10.13,10.17,860,215.9
1629820800,10.16,10.18,10.13,10.14,425,222.9
1629835200,10.13,10.15,10.13,10.15,20,222.3
1629892800,10.12,10.21,10.12,10.21,50,218.4
1629907200,10.03,10.03,9.95,9.95,45,217
1629921600,9.9,9.9,9.9,9.9,5,215.7
1629979200,9.93,9.94,9.87,9.88,110,212.8
1629993600,9.85,9.94,9.85,9.94,260,212.1
1630008000,9.99,10,9.99,10,15,212.1
1630065600,9.94,9.98,9.85,9.85,740,226.7
1630080000,9.83,9.86,9.82,9.82,180,228
1630094400,9.87,9.89,9.87,9.89,15,228
1630324800,9.9,9.94,9.87,9.87,55,228.7
1630339200,9.87,9.87,9.87,9.87,3240,290.1
1630353600,9.87,9.87,9.87,9.87,200,293.1
1630411200,9.92,9.98,9.89,9.98,230,297.4
1630425600,10.06,10.08,10.03,10.08,275,298.8
1630440000,10.09,10.09,10.06,10.06,1015,317.9
1630497600,10.05,10.21,10.05,10.14,575,329.2
1630512000,10.12,10.14,10.07,10.07,145,331.4
1630526400,10.12,10.17,10.12,10.17,15,330.1
1630584000,10.21,10.24,10.2,10.24,185,333.5
1630598400,10.28,10.32,10.28,10.32,50,333.6
1630612800,10.34,10.36,10.33,10.36,115,316.5
1630670400,10.27,10.51,10.27,10.43,385,324
1630684800,10.41,10.41,10.4,10.41,80,323.9
1630699200,10.42,10.43,10.35,10.43,25,323.7
1630929600,10.47,10.5,10.38,10.42,185,326.3
1630944000,10.43,10.44,10.39,10.41,55,325.3
1630958400,10.42,10.42,10.42,10.42,10,324.9
1631102400,10.49,10.55,10.48,10.49,60,323.7